<?xml version="1.0" encoding="utf-8"?>
<COLLADA xmlns="http://www.collada.org/2005/11/COLLADASchema" version="1.4.1" xmlns:xsi="http://www.w3.org/2001/XMLSchema-instance">
  <asset>
    <contributor>
      <author>Blender User</author>
      <authoring_tool>Blender 4.3.2 commit date:2024-12-16, commit time:21:10, hash:32f5fdce0a0a</authoring_tool>
    </contributor>
    <created>2025-02-10T09:44:28</created>
    <modified>2025-02-10T09:44:28</modified>
    <unit name="meter" meter="1"/>
    <up_axis>Z_UP</up_axis>
  </asset>
  <library_cameras>
    <camera id="Camera-camera" name="Camera">
      <optics>
        <technique_common>
          <perspective>
            <xfov sid="xfov">39.59775</xfov>
            <aspect_ratio>1.777778</aspect_ratio>
            <znear sid="znear">0.1</znear>
            <zfar sid="zfar">100</zfar>
          </perspective>
        </technique_common>
      </optics>
      <extra>
        <technique profile="blender">
          <shiftx sid="shiftx" type="float">0</shiftx>
          <shifty sid="shifty" type="float">0</shifty>
          <dof_distance sid="dof_distance" type="float">10</dof_distance>
        </technique>
      </extra>
    </camera>
  </library_cameras>
  <library_lights>
    <light id="Light-light" name="Light">
      <technique_common>
        <point>
          <color sid="color">1000 1000 1000</color>
          <constant_attenuation>1</constant_attenuation>
          <linear_attenuation>0</linear_attenuation>
          <quadratic_attenuation>0</quadratic_attenuation>
        </point>
      </technique_common>
      <extra>
        <technique profile="blender">
          <type sid="type" type="int">0</type>
          <flag sid="flag" type="int">0</flag>
          <mode sid="mode" type="int">4194305</mode>
          <red sid="red" type="float">1</red>
          <green sid="green" type="float">1</green>
          <blue sid="blue" type="float">1</blue>
          <energy sid="blender_energy" type="float">1000</energy>
          <spotsize sid="spotsize" type="float">75</spotsize>
          <spotblend sid="spotblend" type="float">0.15</spotblend>
          <clipsta sid="clipsta" type="float">0.04999995</clipsta>
          <clipend sid="clipend" type="float">40</clipend>
          <radius sid="radius" type="float">0.1</radius>
          <area_shape sid="area_shape" type="int">1</area_shape>
          <area_size sid="area_size" type="float">0.1</area_size>
          <area_sizey sid="area_sizey" type="float">0.1</area_sizey>
          <area_sizez sid="area_sizez" type="float">1</area_sizez>
        </technique>
      </extra>
    </light>
  </library_lights>
  <library_effects>
    <effect id="Material_001-effect">
      <profile_COMMON>
        <technique sid="common">
          <lambert>
            <emission>
              <color sid="emission">0 0 0 1</color>
            </emission>
            <diffuse>
              <color sid="diffuse">0.8 0.8 0.8 1</color>
            </diffuse>
            <index_of_refraction>
              <float sid="ior">1.45</float>
            </index_of_refraction>
          </lambert>
        </technique>
      </profile_COMMON>
    </effect>
    <effect id="Material_002-effect">
      <profile_COMMON>
        <technique sid="common">
          <lambert>
            <emission>
              <color sid="emission">0 0 0 1</color>
            </emission>
            <diffuse>
              <color sid="diffuse">0 0 0 1</color>
            </diffuse>
            <index_of_refraction>
              <float sid="ior">1.45</float>
            </index_of_refraction>
          </lambert>
        </technique>
      </profile_COMMON>
    </effect>
    <effect id="Material_003-effect">
      <profile_COMMON>
        <technique sid="common">
          <lambert>
            <emission>
              <color sid="emission">0 0 0 1</color>
            </emission>
            <diffuse>
              <color sid="diffuse">0.8 0.8 0.8 1</color>
            </diffuse>
            <index_of_refraction>
              <float sid="ior">1.45</float>
            </index_of_refraction>
          </lambert>
        </technique>
      </profile_COMMON>
    </effect>
    <effect id="Material_004-effect">
      <profile_COMMON>
        <technique sid="common">
          <lambert>
            <emission>
              <color sid="emission">0 0 0 1</color>
            </emission>
            <diffuse>
              <color sid="diffuse">0.8001261 0.3735188 0.01142453 1</color>
            </diffuse>
            <index_of_refraction>
              <float sid="ior">1.45</float>
            </index_of_refraction>
          </lambert>
        </technique>
      </profile_COMMON>
    </effect>
    <effect id="Material_005-effect">
      <profile_COMMON>
        <technique sid="common">
          <lambert>
            <emission>
              <color sid="emission">0 0 0 1</color>
            </emission>
            <diffuse>
              <color sid="diffuse">0.02440051 0.02358777 0.8004242 1</color>
            </diffuse>
            <index_of_refraction>
              <float sid="ior">1.45</float>
            </index_of_refraction>
          </lambert>
        </technique>
      </profile_COMMON>
    </effect>
    <effect id="Material_006-effect">
      <profile_COMMON>
        <technique sid="common">
          <lambert>
            <emission>
              <color sid="emission">0 0 0 1</color>
            </emission>
            <diffuse>
              <color sid="diffuse">0.02564989 0.8004004 0.0334409 1</color>
            </diffuse>
            <index_of_refraction>
              <float sid="ior">1.45</float>
            </index_of_refraction>
          </lambert>
        </technique>
      </profile_COMMON>
    </effect>
    <effect id="Material_007-effect">
      <profile_COMMON>
        <technique sid="common">
          <lambert>
            <emission>
              <color sid="emission">0 0 0 1</color>
            </emission>
            <diffuse>
              <color sid="diffuse">0.8002912 0.02507235 0.02507235 1</color>
            </diffuse>
            <index_of_refraction>
              <float sid="ior">1.45</float>
            </index_of_refraction>
          </lambert>
        </technique>
      </profile_COMMON>
    </effect>
  </library_effects>
  <library_images/>
  <library_materials>
    <material id="Material_001-material" name="Material.001">
      <instance_effect url="#Material_001-effect"/>
    </material>
    <material id="Material_002-material" name="Material.002">
      <instance_effect url="#Material_002-effect"/>
    </material>
    <material id="Material_003-material" name="Material.003">
      <instance_effect url="#Material_003-effect"/>
    </material>
    <material id="Material_004-material" name="Material.004">
      <instance_effect url="#Material_004-effect"/>
    </material>
    <material id="Material_005-material" name="Material.005">
      <instance_effect url="#Material_005-effect"/>
    </material>
    <material id="Material_006-material" name="Material.006">
      <instance_effect url="#Material_006-effect"/>
    </material>
    <material id="Material_007-material" name="Material.007">
      <instance_effect url="#Material_007-effect"/>
    </material>
  </library_materials>
  <library_geometries>
    <geometry id="Floor10-mesh" name="Floor10">
      <mesh>
        <source id="Floor10-mesh-positions">
          <float_array id="Floor10-mesh-positions-array" count="2730">-379.8388 -0.07906794 -4782.872 -470.7479 -0.07906794 -4782.872 -470.7479 -0.07906794 -4302.871 -779.8388 -0.07906794 -4782.872 -961.6566 -0.07906794 -4782.872 -961.6566 -0.07906794 -4302.871 -5379.839 -0.07906794 -462.8715 -5379.839 -0.07906794 17.12854 -4888.93 -0.07906794 17.12854 -2245.082 -0.07906794 -1495.571 -1943.475 -0.07906794 -1495.571 -1943.475 -0.07906794 -1902.871 -584.8388 -0.07906794 -3270.571 -470.7479 -0.07906794 -3270.571 -470.7479 -0.07906794 -3342.871 -472.1386 -0.07906794 -2862.871 -472.1386 -0.07906794 -2565.571 -470.7479 -0.07906794 -2565.571 -384.8388 -0.07906794 -2490.171 -470.7479 -0.07906794 -2490.171 -470.7479 -0.07906794 -2382.872 -3579.839 -0.07906794 -1432.871 -3579.839 -0.07906794 -1422.871 -3416.202 -0.07906794 -1422.871 -3814.539 -0.07906794 -1020.171 -3814.539 -0.07906794 -1422.871 -3907.111 -0.07906794 -1422.871 -3079.839 -0.07906794 -682.8715 -2925.293 -0.07906794 -682.8715 -2925.293 -0.07906794 -942.8712 -2589.139 -0.07906794 -1032.871 -2559.839 -0.07906794 -1232.871 -2589.139 -0.07906794 -1422.871 -2559.839 -0.07906794 -1422.871 -2589.139 -0.07906794 -1470.171 -2559.839 -0.07906794 -1432.871 -2434.384 -0.07906794 -1470.171 -2434.384 -0.07906794 -1232.871 -2434.384 -0.07906794 -942.8712 -2359.839 -0.07906794 -1232.871 -1943.475 -0.07906794 -942.8712 -2359.839 -0.07906794 -1422.871 -1779.839 -0.07906794 -1470.171 -1943.475 -0.07906794 -1470.171 -1943.475 -0.07906794 -1422.871 -2184.489 -0.07906794 -1470.171 -2359.839 -0.07906794 -1432.871 -2434.384 -0.07906794 -1432.871 -4888.93 -0.07906794 -1470.171 -4888.93 -0.07906794 -1432.871 -4799.838 -0.07906794 -1432.871 -4398.02 -0.07906794 -1422.871 -4398.02 -0.07906794 -1470.171 -4612.272 -0.07906794 -1470.171 -4799.838 -0.07906794 -1422.871 -4999.838 -0.07906794 -1432.871 -5011.139 -0.07906794 -1470.171 -5011.139 -0.07906794 -1422.871 -4398.02 -0.07906794 -942.8712 -4799.838 -0.07906794 -1232.871 -4888.93 -0.07906794 -942.8712 -4888.93 -0.07906794 -1232.871 -4999.838 -0.07906794 -1232.871 -3416.202 -0.07906794 -595.5712 -3314.539 -0.07906794 -595.5712 -3416.202 -0.07906794 -942.8712 -3314.539 -0.07906794 -682.8715 -3289.139 -0.07906794 -682.8715 -3314.539 -0.07906794 -482.8715 -3416.202 -0.07906794 -462.8715 -3289.139 -0.07906794 -482.8715 -2925.293 -0.07906794 -462.8715 -3239.139 -0.07906794 -682.8715 -3264.539 -0.07906794 -682.8715 -3264.539 -0.07906794 -482.8715 -2614.539 -0.07906794 -570.1713 -2434.384 -0.07906794 -570.1713 -2434.384 -0.07906794 -462.8715 -2364.539 -0.07906794 -570.1713 -2614.539 -0.07906794 -942.8712 -2879.839 -0.07906794 -682.8715 -2879.839 -0.07906794 -482.8715 -2925.293 -0.07906794 -482.8715 -3079.839 -0.07906794 -482.8715 -5011.139 -0.07906794 -595.5712 -4888.93 -0.07906794 -595.5712 -5011.139 -0.07906794 -942.8712 -5011.139 -0.07906794 -1032.871 -4999.838 -0.07906794 -1422.871 -4213.405 -0.07906794 -1470.171 -3907.111 -0.07906794 -1470.171 -3814.539 -0.07906794 -1470.171 -3907.111 -0.07906794 -942.8712 -3814.539 -0.07906794 -942.8712 -3814.539 -0.07906794 -570.1713 -3907.111 -0.07906794 -462.8715 -3564.539 -0.07906794 -570.1713 -3416.202 -0.07906794 -570.1713 -3314.539 -0.07906794 -570.1713 -3789.139 -0.07906794 -595.5712 -3789.139 -0.07906794 -942.8712 -3789.139 -0.07906794 -1032.871 -3579.839 -0.07906794 -1232.871 -3779.839 -0.07906794 -1232.871 -3789.139 -0.07906794 -1422.871 -3779.839 -0.07906794 -1422.871 -3779.839 -0.07906794 -1432.871 -3789.139 -0.07906794 -1470.171 -3416.202 -0.07906794 -1470.171 -3397.605 -0.07906794 -1470.171 -3006.072 -0.07906794 -1470.171 -2614.539 -0.07906794 -1470.171 -2925.293 -0.07906794 -1470.171 -2614.539 -0.07906794 -1422.871 -2925.293 -0.07906794 -1422.871 -2614.539 -0.07906794 -1020.171 -2434.384 -0.07906794 -595.5712 -2114.539 -0.07906794 -595.5712 -2114.539 -0.07906794 -682.8715 -2089.139 -0.07906794 -682.8715 -1943.475 -0.07906794 -462.8715 -2039.139 -0.07906794 -482.8715 -2064.539 -0.07906794 -482.8715 -2039.139 -0.07906794 -682.8715 -2064.539 -0.07906794 -682.8715 -2089.139 -0.07906794 -482.8715 -2114.539 -0.07906794 -482.8715 -2114.539 -0.07906794 -570.1713 -2589.139 -0.07906794 -595.5712 -2589.139 -0.07906794 -942.8712 -1622.682 -0.07906794 -1590.762 -1629.524 -0.07906794 -1570.609 -1452.566 -0.07906794 -1422.871 -1737.729 -0.07906794 -1475.715 -1758.602 -0.07906794 -1471.563 -1460.299 -0.07906794 -1768.774 -1615.741 -0.07906794 -1652.411 -1452.566 -0.07906794 -1767.092 -1617.139 -0.07906794 -1632.871 -1618.531 -0.07906794 -1611.635 -1569.751 -0.07906794 -1736.636 -1583.603 -0.07906794 -1722.784 -1554.069 -0.07906794 -1748.375 -1595.343 -0.07906794 -1707.101 -1604.731 -0.07906794 -1689.908 -1664.792 -0.07906794 -1517.825 -1680.793 -0.07906794 -1503.793 -1479.839 -0.07906794 -1770.171 -1499.379 -0.07906794 -1768.774 -1518.521 -0.07906794 -1764.61 -1536.875 -0.07906794 -1757.764 -1611.577 -0.07906794 -1671.553 -1638.936 -0.07906794 -1551.521 -1650.76 -0.07906794 -1533.826 -1698.489 -0.07906794 -1491.969 -1717.576 -0.07906794 -1482.556 -1308.917 -0.07906794 -1533.826 -1320.741 -0.07906794 -1551.521 -1330.154 -0.07906794 -1570.609 -983.6034 -0.07906794 -1722.784 -995.3427 -0.07906794 -1707.101 -1015.741 -0.07906794 -1652.411 -1004.731 -0.07906794 -1689.908 -1011.577 -0.07906794 -1671.553 -961.6566 -0.07906794 -1422.871 -1018.531 -0.07906794 -1611.635 -1022.682 -0.07906794 -1590.762 -1242.101 -0.07906794 -1482.556 -1261.189 -0.07906794 -1491.969 -1017.139 -0.07906794 -1632.871 -961.6566 -0.07906794 -1742.695 -969.7509 -0.07906794 -1736.636 -1336.995 -0.07906794 -1590.762 -1341.147 -0.07906794 -1611.635 -1342.539 -0.07906794 -1632.871 -1343.936 -0.07906794 -1652.411 -1389.926 -0.07906794 -1736.636 -1405.609 -0.07906794 -1748.375 -1422.802 -0.07906794 -1757.764 -1278.884 -0.07906794 -1503.793 -1294.885 -0.07906794 -1517.825 -1348.1 -0.07906794 -1671.553 -1354.946 -0.07906794 -1689.908 -1364.335 -0.07906794 -1707.101 -1376.074 -0.07906794 -1722.784 -1441.157 -0.07906794 -1764.61 -1029.523 -0.07906794 -1570.609 -1038.936 -0.07906794 -1551.521 -1050.76 -0.07906794 -1533.826 -1098.489 -0.07906794 -1491.969 -1117.576 -0.07906794 -1482.556 -1137.729 -0.07906794 -1475.715 -1158.602 -0.07906794 -1471.563 -1179.839 -0.07906794 -1470.171 -1201.076 -0.07906794 -1471.563 -1221.949 -0.07906794 -1475.715 -1064.792 -0.07906794 -1517.825 -1080.793 -0.07906794 -1503.793 -601.0751 -0.07906794 -1471.563 -621.9486 -0.07906794 -1475.715 -470.7479 -0.07906794 -1902.871 -472.1386 -0.07906794 -1810.171 -470.7479 -0.07906794 -1422.871 -472.1386 -0.07906794 -1470.171 -579.8388 -0.07906794 -1470.171 -642.1015 -0.07906794 -1482.556 -661.1889 -0.07906794 -1491.969 -678.8842 -0.07906794 -1503.793 -720.7411 -0.07906794 -1551.521 -730.1537 -0.07906794 -1570.609 -694.8851 -0.07906794 -1517.825 -708.9174 -0.07906794 -1533.826 -736.995 -0.07906794 -1590.762 -741.1469 -0.07906794 -1611.635 -742.539 -0.07906794 -1632.871 -743.9364 -0.07906794 -1652.411 -748.1005 -0.07906794 -1671.553 -754.9462 -0.07906794 -1689.908 -954.0687 -0.07906794 -1748.375 -776.0741 -0.07906794 -1722.784 -789.9262 -0.07906794 -1736.636 -860.2987 -0.07906794 -1768.774 -879.8388 -0.07906794 -1770.171 -899.3788 -0.07906794 -1768.774 -764.3348 -0.07906794 -1707.101 -805.6088 -0.07906794 -1748.375 -822.8021 -0.07906794 -1757.764 -841.1566 -0.07906794 -1764.61 -918.5204 -0.07906794 -1764.61 -936.8754 -0.07906794 -1757.764 -472.1386 -0.07906794 -2150.171 -472.1386 -0.07906794 -1902.871 -472.1386 -0.07906794 -2490.171 -472.1386 -0.07906794 -2382.872 -384.8388 -0.07906794 -2540.171 -470.7479 -0.07906794 -2540.171 -470.7479 -0.07906794 -2515.571 -472.1386 -0.07906794 -2540.171 -472.1386 -0.07906794 -2515.571 -472.1386 -0.07906794 -2905.371 -470.7479 -0.07906794 -2862.871 20.16126 -0.07906794 -2862.871 -384.8388 -0.07906794 -2565.571 20.16126 -0.07906794 -2382.872 -384.8388 -0.07906794 -2515.571 -472.1386 -0.07906794 -3245.171 -470.7479 -0.07906794 -3245.171 -374.8388 -0.07906794 -3245.171 -374.8388 -0.07906794 -3270.571 20.16126 -0.07906794 -3342.871 -961.6566 -0.07906794 -3342.871 -961.6566 -0.07906794 -2862.871 -584.8388 -0.07906794 -3245.171 -497.5385 -0.07906794 -3245.171 -497.5385 -0.07906794 -2905.371 -497.5385 -0.07906794 -2862.871 -961.6566 -0.07906794 -2382.872 -584.8388 -0.07906794 -2490.171 -584.8388 -0.07906794 -2515.571 -497.5385 -0.07906794 -2565.571 -584.8388 -0.07906794 -2565.571 -584.8388 -0.07906794 -2540.171 -497.5385 -0.07906794 -2540.171 -497.5385 -0.07906794 -2515.571 -837.7289 -0.07906794 -1790.027 -817.5761 -0.07906794 -1783.187 -497.5385 -0.07906794 -1902.871 -798.4887 -0.07906794 -1773.774 -780.7933 -0.07906794 -1761.95 -961.6566 -0.07906794 -1902.871 -942.1015 -0.07906794 -1783.187 -921.9486 -0.07906794 -1790.027 -901.0751 -0.07906794 -1794.179 -879.8388 -0.07906794 -1795.571 -858.6019 -0.07906794 -1794.179 -497.5385 -0.07906794 -2490.171 -497.5385 -0.07906794 -2382.872 -497.5385 -0.07906794 -2158.638 -599.3788 -0.07906794 -1496.969 -579.8388 -0.07906794 -1495.571 -683.6029 -0.07906794 -1542.959 -764.7924 -0.07906794 -1747.918 -750.7601 -0.07906794 -1731.917 -497.5385 -0.07906794 -1827.105 -738.9364 -0.07906794 -1714.221 -729.5233 -0.07906794 -1695.134 -722.6825 -0.07906794 -1674.981 -718.5307 -0.07906794 -1654.108 -497.5385 -0.07906794 -1495.571 -717.1386 -0.07906794 -1632.871 -715.7411 -0.07906794 -1613.331 -711.577 -0.07906794 -1594.19 -669.7509 -0.07906794 -1529.107 -654.0687 -0.07906794 -1517.367 -704.7313 -0.07906794 -1575.835 -695.3427 -0.07906794 -1558.641 -636.8754 -0.07906794 -1507.979 -618.5204 -0.07906794 -1501.133 -978.8842 -0.07906794 -1761.95 -961.6566 -0.07906794 -1773.461 -961.1889 -0.07906794 -1773.774 -1452.566 -0.07906794 -1902.871 -1008.917 -0.07906794 -1731.917 -994.8851 -0.07906794 -1747.918 -1042.538 -0.07906794 -1632.871 -1041.147 -0.07906794 -1654.108 -1317.139 -0.07906794 -1632.871 -1318.531 -0.07906794 -1654.108 -1329.524 -0.07906794 -1695.134 -1322.682 -0.07906794 -1674.981 -1452.566 -0.07906794 -1792.979 -1437.729 -0.07906794 -1790.027 -1048.1 -0.07906794 -1594.19 -1043.936 -0.07906794 -1613.331 -1105.609 -0.07906794 -1517.367 -1364.792 -0.07906794 -1747.918 -1350.76 -0.07906794 -1731.917 -1338.936 -0.07906794 -1714.221 -1036.995 -0.07906794 -1674.981 -1030.154 -0.07906794 -1695.134 -1020.741 -0.07906794 -1714.221 -1417.576 -0.07906794 -1783.187 -1398.489 -0.07906794 -1773.774 -1380.793 -0.07906794 -1761.95 -1122.802 -0.07906794 -1507.979 -1315.741 -0.07906794 -1613.331 -1311.577 -0.07906794 -1594.19 -1283.603 -0.07906794 -1542.959 -1269.751 -0.07906794 -1529.107 -1254.069 -0.07906794 -1517.367 -1236.875 -0.07906794 -1507.979 -1304.731 -0.07906794 -1575.835 -1295.343 -0.07906794 -1558.641 -1218.52 -0.07906794 -1501.133 -1199.378 -0.07906794 -1496.969 -1179.839 -0.07906794 -1495.571 -1089.926 -0.07906794 -1529.107 -1076.074 -0.07906794 -1542.959 -1160.299 -0.07906794 -1496.969 -1141.157 -0.07906794 -1501.133 -1064.334 -0.07906794 -1558.641 -1054.946 -0.07906794 -1575.835 -1641.147 -0.07906794 -1654.108 -1636.995 -0.07906794 -1674.981 -1630.154 -0.07906794 -1695.134 -1620.741 -0.07906794 -1714.221 -1501.075 -0.07906794 -1794.179 -1479.839 -0.07906794 -1795.571 -1458.602 -0.07906794 -1794.179 -1643.936 -0.07906794 -1613.331 -1642.539 -0.07906794 -1632.871 -1779.839 -0.07906794 -1495.571 -1608.917 -0.07906794 -1731.917 -1594.885 -0.07906794 -1747.918 -1578.884 -0.07906794 -1761.95 -1561.189 -0.07906794 -1773.774 -1542.101 -0.07906794 -1783.187 -1521.949 -0.07906794 -1790.027 -1760.299 -0.07906794 -1496.969 -1654.946 -0.07906794 -1575.835 -1648.1 -0.07906794 -1594.19 -1741.157 -0.07906794 -1501.133 -1722.802 -0.07906794 -1507.979 -1705.609 -0.07906794 -1517.367 -1689.926 -0.07906794 -1529.107 -1676.074 -0.07906794 -1542.959 -1664.335 -0.07906794 -1558.641 -2925.293 -0.07906794 -1902.871 -2710.324 -0.07906794 -1495.571 -2434.384 -0.07906794 -1902.871 -2434.384 -0.07906794 -1495.571 -3416.202 -0.07906794 -1902.871 -3175.567 -0.07906794 -1495.571 -2925.293 -0.07906794 -1495.571 -3907.111 -0.07906794 -1902.871 -3640.81 -0.07906794 -1495.571 -3416.202 -0.07906794 -1495.571 -4398.02 -0.07906794 -1902.871 -4106.053 -0.07906794 -1495.571 -3907.111 -0.07906794 -1495.571 -5036.539 -0.07906794 -1495.571 -4888.93 -0.07906794 -1495.571 -4888.93 -0.07906794 -1902.871 -4571.296 -0.07906794 -1495.571 -4398.02 -0.07906794 -1495.571 -5379.839 -0.07906794 -1902.871 -5036.539 -0.07906794 -1422.871 -5379.839 -0.07906794 -1422.871 -5036.539 -0.07906794 -1032.871 -5379.839 -0.07906794 -942.8712 -5036.539 -0.07906794 -942.8712 -4786.539 -0.07906794 -570.1713 -4888.93 -0.07906794 -570.1713 -4888.93 -0.07906794 -462.8715 -5036.539 -0.07906794 -570.1713 -4536.539 -0.07906794 -595.5712 -4536.539 -0.07906794 -682.8715 -4511.139 -0.07906794 -682.8715 -4398.02 -0.07906794 -462.8715 -4461.139 -0.07906794 -482.8715 -4486.539 -0.07906794 -482.8715 -4461.139 -0.07906794 -682.8715 -4486.539 -0.07906794 -682.8715 -4511.139 -0.07906794 -482.8715 -4536.539 -0.07906794 -482.8715 -4536.539 -0.07906794 -570.1713 -4888.93 -0.07906794 -2382.872 -4913.172 -0.07906794 -2382.872 -5379.839 -0.07906794 -2382.872 -4446.505 -0.07906794 -2382.872 -4398.02 -0.07906794 -2382.872 -3979.839 -0.07906794 -2382.872 -3907.111 -0.07906794 -2382.872 -4279.839 -0.07906794 -682.8715 -4279.839 -0.07906794 -482.8715 -4079.838 -0.07906794 -482.8715 -4079.838 -0.07906794 -682.8715 -3513.172 -0.07906794 -2382.872 -3416.202 -0.07906794 -2382.872 -3046.505 -0.07906794 -2382.872 -2925.293 -0.07906794 -2382.872 -3239.139 -0.07906794 -482.8715 -2579.839 -0.07906794 -2382.872 -2434.384 -0.07906794 -2382.872 -2113.172 -0.07906794 -2382.872 -1179.839 -0.07906794 -2382.872 -1452.566 -0.07906794 -2382.872 -1646.505 -0.07906794 -2382.872 -1943.475 -0.07906794 -2382.872 -1452.566 -0.07906794 -942.8712 -1879.839 -0.07906794 -482.8715 -1879.839 -0.07906794 -682.8715 -1679.839 -0.07906794 -482.8715 -1452.566 -0.07906794 -462.8715 -1679.839 -0.07906794 -682.8715 -1179.839 -0.07906794 -4782.872 -1179.839 -0.07906794 -4302.871 -961.6566 -0.07906794 -3822.872 -1179.839 -0.07906794 -3822.872 -1179.839 -0.07906794 -3342.871 -1179.839 -0.07906794 -2862.871 -961.6566 -0.07906794 -462.8715 -961.6566 -0.07906794 -942.8712 -470.7479 -0.07906794 -3822.872 -470.7479 -0.07906794 -462.8715 -470.7479 -0.07906794 -942.8712 20.16126 -0.07906794 -3822.872 20.16126 -0.07906794 -4302.871 20.16126 -0.07906794 -4782.872 20.16126 -0.07906794 -462.8715 20.16126 -0.07906794 -942.8712 20.16126 -0.07906794 -1422.871 20.16126 -0.07906794 -1902.871 -4398.02 -0.07906794 17.12854 -3907.111 -0.07906794 17.12854 -3416.202 -0.07906794 17.12854 -2925.293 -0.07906794 17.12854 -2434.384 -0.07906794 17.12854 -1943.475 -0.07906794 17.12854 -1452.566 -0.07906794 17.12854 -961.6566 -0.07906794 17.12854 -470.7479 -0.07906794 17.12854 20.16126 -0.07906794 17.12854 20.16126 -30.07907 -4782.872 20.16126 -30.07907 -4302.871 20.16126 -30.07907 -3822.872 20.16126 -30.07907 -3342.871 20.16126 -30.07907 -2862.871 20.16126 -30.07907 -2382.872 20.16126 -30.07907 -1902.871 20.16126 -30.07907 -1422.871 20.16126 -30.07907 -942.8712 20.16126 -30.07907 -462.8715 20.16126 -30.07907 17.12854 -1179.839 -30.07907 -4782.872 -961.6566 -30.07907 -4782.872 -779.8388 -30.07907 -4782.872 -470.7479 -30.07907 -4782.872 -379.8388 -30.07907 -4782.872 -5379.839 -30.07907 17.12854 -5379.839 -30.07907 -462.8715 -5379.839 -30.07907 -942.8712 -5379.839 -30.07907 -1422.871 -5379.839 -30.07907 -1902.871 -5379.839 -30.07907 -2382.872 -470.7479 -30.07907 17.12854 -961.6566 -30.07907 17.12854 -1452.566 -30.07907 17.12854 -1943.475 -30.07907 17.12854 -2434.384 -30.07907 17.12854 -2925.293 -30.07907 17.12854 -3416.202 -30.07907 17.12854 -3907.111 -30.07907 17.12854 -4398.02 -30.07907 17.12854 -4888.93 -30.07907 17.12854 -470.7479 -30.07907 -4302.871 -470.7479 -30.07907 -3822.872 -470.7479 -30.07907 -3342.871 -470.7479 -30.07907 -2862.871 -470.7479 -30.07907 -2382.872 -470.7479 -30.07907 -1902.871 -961.6566 -30.07907 -4302.871 -961.6566 -30.07907 -3822.872 -961.6566 -30.07907 -3342.871 -961.6566 -30.07907 -2862.871 -961.6566 -30.07907 -2382.872 -961.6566 -30.07907 -1902.871 -1452.566 -30.07907 -1902.871 -1452.566 -30.07907 -2382.872 -1179.839 -30.07907 -2382.872 -1179.839 -30.07907 -4302.871 -1179.839 -30.07907 -3822.872 -1179.839 -30.07907 -3342.871 -1179.839 -30.07907 -2862.871 -1646.505 -30.07907 -2382.872 -1943.475 -30.07907 -1902.871 -1943.475 -30.07907 -2382.872 -2113.172 -30.07907 -2382.872 -2434.384 -30.07907 -1902.871 -2434.384 -30.07907 -2382.872 -2579.839 -30.07907 -2382.872 -2925.293 -30.07907 -1902.871 -2925.293 -30.07907 -2382.872 -3046.505 -30.07907 -2382.872 -3416.202 -30.07907 -1902.871 -3416.202 -30.07907 -2382.872 -3513.172 -30.07907 -2382.872 -3907.111 -30.07907 -1902.871 -3907.111 -30.07907 -2382.872 -3979.839 -30.07907 -2382.872 -4398.02 -30.07907 -1902.871 -4398.02 -30.07907 -2382.872 -4446.505 -30.07907 -2382.872 -4888.93 -30.07907 -1902.871 -4888.93 -30.07907 -2382.872 -4913.172 -30.07907 -2382.872 -470.7479 -30.07907 -1422.871 -961.6566 -30.07907 -1422.871 -1452.566 -30.07907 -1422.871 -1943.475 -30.07907 -1422.871 -2434.384 -30.07907 -1422.871 -2925.293 -30.07907 -1422.871 -3416.202 -30.07907 -1422.871 -3907.111 -30.07907 -1422.871 -4398.02 -30.07907 -1422.871 -4888.93 -30.07907 -1422.871 -470.7479 -30.07907 -942.8712 -961.6566 -30.07907 -942.8712 -1452.566 -30.07907 -942.8712 -1943.475 -30.07907 -942.8712 -2434.384 -30.07907 -942.8712 -2925.293 -30.07907 -942.8712 -3416.202 -30.07907 -942.8712 -3907.111 -30.07907 -942.8712 -4398.02 -30.07907 -942.8712 -4888.93 -30.07907 -942.8712 -470.7479 -30.07907 -462.8715 -961.6566 -30.07907 -462.8715 -1452.566 -30.07907 -462.8715 -1943.475 -30.07907 -462.8715 -2434.384 -30.07907 -462.8715 -2925.293 -30.07907 -462.8715 -3416.202 -30.07907 -462.8715 -3907.111 -30.07907 -462.8715 -4398.02 -30.07907 -462.8715 -4888.93 -30.07907 -462.8715 -4536.539 0.9209321 -595.5712 -4570.369 0.9209321 -595.5712 -5011.139 0.9209321 -595.5712 -5011.139 0.9209321 -947.4882 -5011.139 0.9209321 -1470.171 -5011.139 0.9209321 -1412.105 -5011.139 0.9209321 -1032.871 -3814.539 0.9209321 -1470.171 -4104.199 0.9209321 -1470.171 -4213.405 0.9209321 -1470.171 -4570.369 0.9209321 -1470.171 -4612.272 0.9209321 -1470.171 -3814.539 0.9209321 -1412.105 -3814.539 0.9209321 -570.1713 -3814.539 0.9209321 -947.4882 -3814.539 0.9209321 -1020.171 -3638.029 0.9209321 -570.1713 -3564.539 0.9209321 -570.1713 -3314.539 0.9209321 -570.1713 -3314.539 0.9209321 -482.8715 -3289.139 0.9209321 -482.8715 -3289.139 0.9209321 -682.8715 -3314.539 0.9209321 -682.8715 -3314.539 0.9209321 -595.5712 -3638.029 0.9209321 -595.5712 -3789.139 0.9209321 -595.5712 -3789.139 0.9209321 -947.4882 -3789.139 0.9209321 -1470.171 -3789.139 0.9209321 -1412.105 -3789.139 0.9209321 -1032.871 -3638.029 0.9209321 -1470.171 -3397.605 0.9209321 -1470.171 -3171.859 0.9209321 -1470.171 -3006.072 0.9209321 -1470.171 -2705.688 0.9209321 -1470.171 -2614.539 0.9209321 -1470.171 -2614.539 0.9209321 -1412.105 -2614.539 0.9209321 -570.1713 -2614.539 0.9209321 -947.4882 -2614.539 0.9209321 -1020.171 -2364.539 0.9209321 -570.1713 -2239.519 0.9209321 -570.1713 -2114.539 0.9209321 -570.1713 -2114.539 0.9209321 -482.8715 -2089.139 0.9209321 -482.8715 -2089.139 0.9209321 -682.8715 -2114.539 0.9209321 -682.8715 -2114.539 0.9209321 -595.5712 -2239.519 0.9209321 -595.5712 -2589.139 0.9209321 -595.5712 -2589.139 0.9209321 -947.4882 -2589.139 0.9209321 -1470.171 -2589.139 0.9209321 -1412.105 -2589.139 0.9209321 -1032.871 -1779.839 0.9209321 -1470.171 -2184.489 0.9209321 -1470.171 -2239.519 0.9209321 -1470.171 -1773.349 0.9209321 -1470.597 -1758.602 0.9209321 -1471.563 -1737.729 0.9209321 -1475.715 -1717.576 0.9209321 -1482.556 -1698.489 0.9209321 -1491.969 -1680.793 0.9209321 -1503.793 -1664.792 0.9209321 -1517.825 -1650.76 0.9209321 -1533.826 -1638.936 0.9209321 -1551.521 -1629.524 0.9209321 -1570.609 -1622.682 0.9209321 -1590.762 -1618.531 0.9209321 -1611.635 -1617.139 0.9209321 -1632.871 -1615.741 0.9209321 -1652.411 -1611.577 0.9209321 -1671.553 -1604.731 0.9209321 -1689.908 -1595.343 0.9209321 -1707.101 -1583.603 0.9209321 -1722.784 -1569.751 0.9209321 -1736.636 -1554.069 0.9209321 -1748.375 -1536.875 0.9209321 -1757.764 -1518.521 0.9209321 -1764.61 -1499.379 0.9209321 -1768.774 -1479.839 0.9209321 -1770.171 -1460.299 0.9209321 -1768.774 -1441.157 0.9209321 -1764.61 -1422.802 0.9209321 -1757.764 -1405.609 0.9209321 -1748.375 -1389.926 0.9209321 -1736.636 -1376.074 0.9209321 -1722.784 -1364.335 0.9209321 -1707.101 -1354.946 0.9209321 -1689.908 -1348.1 0.9209321 -1671.553 -1343.936 0.9209321 -1652.411 -1342.539 0.9209321 -1632.871 -1320.741 0.9209321 -1551.521 -1330.154 0.9209321 -1570.609 -1336.995 0.9209321 -1590.762 -1341.147 0.9209321 -1611.635 -1294.885 0.9209321 -1517.825 -1307.179 0.9209321 -1531.843 -1308.917 0.9209321 -1533.826 -1278.884 0.9209321 -1503.793 -1261.189 0.9209321 -1491.969 -1242.101 0.9209321 -1482.556 -1221.949 0.9209321 -1475.715 -1201.076 0.9209321 -1471.563 -1179.839 0.9209321 -1470.171 -1158.602 0.9209321 -1471.563 -1137.729 0.9209321 -1475.715 -1117.576 0.9209321 -1482.556 -1098.489 0.9209321 -1491.969 -1080.793 0.9209321 -1503.793 -1064.792 0.9209321 -1517.825 -1050.76 0.9209321 -1533.826 -1038.936 0.9209321 -1551.521 -1029.523 0.9209321 -1570.609 -1022.682 0.9209321 -1590.762 -1018.531 0.9209321 -1611.635 -1017.139 0.9209321 -1632.871 -1015.741 0.9209321 -1652.411 -1011.577 0.9209321 -1671.553 -1004.731 0.9209321 -1689.908 -995.3427 0.9209321 -1707.101 -983.6034 0.9209321 -1722.784 -969.7509 0.9209321 -1736.636 -954.0687 0.9209321 -1748.375 -936.8754 0.9209321 -1757.764 -918.5204 0.9209321 -1764.61 -899.3788 0.9209321 -1768.774 -879.8388 0.9209321 -1770.171 -860.2987 0.9209321 -1768.774 -841.1566 0.9209321 -1764.61 -841.0087 0.9209321 -1764.555 -742.539 0.9209321 -1632.871 -743.9364 0.9209321 -1652.411 -748.1005 0.9209321 -1671.553 -754.9462 0.9209321 -1689.908 -764.3348 0.9209321 -1707.101 -776.0741 0.9209321 -1722.784 -789.9262 0.9209321 -1736.636 -805.6088 0.9209321 -1748.375 -822.8021 0.9209321 -1757.764 -741.1469 0.9209321 -1611.635 -736.995 0.9209321 -1590.762 -730.1537 0.9209321 -1570.609 -720.7411 0.9209321 -1551.521 -708.9174 0.9209321 -1533.826 -694.8851 0.9209321 -1517.825 -678.8842 0.9209321 -1503.793 -661.1889 0.9209321 -1491.969 -642.1015 0.9209321 -1482.556 -621.9486 0.9209321 -1475.715 -601.0751 0.9209321 -1471.563 -579.8388 0.9209321 -1470.171 -472.1386 0.9209321 -1470.171 -472.1386 0.9209321 -2490.171 -472.1386 0.9209321 -2341.338 -472.1386 0.9209321 -2150.171 -472.1386 0.9209321 -1876.721 -472.1386 0.9209321 -1810.171 -384.8388 0.9209321 -2490.171 -384.8388 0.9209321 -2515.571 -472.1386 0.9209321 -2515.571 -472.1386 0.9209321 -2540.171 -384.8388 0.9209321 -2540.171 -384.8388 0.9209321 -2565.571 -472.1386 0.9209321 -2565.571 -472.1386 0.9209321 -3245.171 -472.1386 0.9209321 -2905.371 -472.1386 0.9209321 -2805.955 -374.8388 0.9209321 -3245.171 -374.8388 0.9209321 -3270.571 -584.8388 0.9209321 -3270.571 -584.8388 0.9209321 -3245.171 -497.5385 0.9209321 -3245.171 -497.5385 0.9209321 -2905.371 -497.5385 0.9209321 -2805.955 -497.5385 0.9209321 -2565.571 -584.8388 0.9209321 -2565.571 -584.8388 0.9209321 -2540.171 -497.5385 0.9209321 -2540.171 -497.5385 0.9209321 -2515.571 -584.8388 0.9209321 -2515.571 -584.8388 0.9209321 -2490.171 -497.5385 0.9209321 -2490.171 -497.5385 0.9209321 -1495.571 -497.5385 0.9209321 -1827.105 -497.5385 0.9209321 -1876.721 -497.5385 0.9209321 -2158.638 -497.5385 0.9209321 -2341.338 -579.8388 0.9209321 -1495.571 -599.3788 0.9209321 -1496.969 -618.5204 0.9209321 -1501.133 -636.8754 0.9209321 -1507.979 -654.0687 0.9209321 -1517.367 -669.7509 0.9209321 -1529.107 -683.6029 0.9209321 -1542.959 -695.3427 0.9209321 -1558.641 -704.7313 0.9209321 -1575.835 -711.577 0.9209321 -1594.19 -715.7411 0.9209321 -1613.331 -717.1386 0.9209321 -1632.871 -718.5307 0.9209321 -1654.108 -722.6825 0.9209321 -1674.981 -729.5233 0.9209321 -1695.134 -738.9364 0.9209321 -1714.221 -750.7601 0.9209321 -1731.917 -764.7924 0.9209321 -1747.918 -780.7933 0.9209321 -1761.95 -798.4887 0.9209321 -1773.774 -817.5761 0.9209321 -1783.187 -837.7289 0.9209321 -1790.027 -841.0087 0.9209321 -1790.68 -858.6019 0.9209321 -1794.179 -879.8388 0.9209321 -1795.571 -901.0751 0.9209321 -1794.179 -921.9486 0.9209321 -1790.027 -942.1015 0.9209321 -1783.187 -961.1889 0.9209321 -1773.774 -978.8842 0.9209321 -1761.95 -994.8851 0.9209321 -1747.918 -1008.917 0.9209321 -1731.917 -1020.741 0.9209321 -1714.221 -1030.154 0.9209321 -1695.134 -1036.995 0.9209321 -1674.981 -1041.147 0.9209321 -1654.108 -1042.538 0.9209321 -1632.871 -1043.936 0.9209321 -1613.331 -1048.1 0.9209321 -1594.19 -1054.946 0.9209321 -1575.835 -1064.334 0.9209321 -1558.641 -1076.074 0.9209321 -1542.959 -1089.926 0.9209321 -1529.107 -1105.609 0.9209321 -1517.367 -1122.802 0.9209321 -1507.979 -1141.157 0.9209321 -1501.133 -1160.299 0.9209321 -1496.969 -1179.839 0.9209321 -1495.571 -1199.378 0.9209321 -1496.969 -1218.52 0.9209321 -1501.133 -1236.875 0.9209321 -1507.979 -1254.069 0.9209321 -1517.367 -1269.751 0.9209321 -1529.107 -1283.603 0.9209321 -1542.959 -1295.343 0.9209321 -1558.641 -1304.731 0.9209321 -1575.835 -1307.179 0.9209321 -1582.397 -1317.139 0.9209321 -1632.871 -1315.741 0.9209321 -1613.331 -1311.577 0.9209321 -1594.19 -1318.531 0.9209321 -1654.108 -1322.682 0.9209321 -1674.981 -1329.524 0.9209321 -1695.134 -1338.936 0.9209321 -1714.221 -1350.76 0.9209321 -1731.917 -1364.792 0.9209321 -1747.918 -1380.793 0.9209321 -1761.95 -1398.489 0.9209321 -1773.774 -1417.576 0.9209321 -1783.187 -1437.729 0.9209321 -1790.027 -1458.602 0.9209321 -1794.179 -1479.839 0.9209321 -1795.571 -1501.075 0.9209321 -1794.179 -1521.949 0.9209321 -1790.027 -1542.101 0.9209321 -1783.187 -1561.189 0.9209321 -1773.774 -1578.884 0.9209321 -1761.95 -1594.885 0.9209321 -1747.918 -1608.917 0.9209321 -1731.917 -1620.741 0.9209321 -1714.221 -1630.154 0.9209321 -1695.134 -1636.995 0.9209321 -1674.981 -1641.147 0.9209321 -1654.108 -1642.539 0.9209321 -1632.871 -1643.936 0.9209321 -1613.331 -1648.1 0.9209321 -1594.19 -1654.946 0.9209321 -1575.835 -1664.335 0.9209321 -1558.641 -1676.074 0.9209321 -1542.959 -1689.926 0.9209321 -1529.107 -1705.609 0.9209321 -1517.367 -1722.802 0.9209321 -1507.979 -1741.157 0.9209321 -1501.133 -1760.299 0.9209321 -1496.969 -1773.349 0.9209321 -1496.036 -1779.839 0.9209321 -1495.571 -5036.539 0.9209321 -1495.571 -4571.296 0.9209321 -1495.571 -4570.369 0.9209321 -1495.571 -4106.053 0.9209321 -1495.571 -4104.199 0.9209321 -1495.571 -3640.81 0.9209321 -1495.571 -3638.029 0.9209321 -1495.571 -3175.567 0.9209321 -1495.571 -3171.859 0.9209321 -1495.571 -2710.324 0.9209321 -1495.571 -2705.688 0.9209321 -1495.571 -2245.082 0.9209321 -1495.571 -2239.519 0.9209321 -1495.571 -5036.539 0.9209321 -1412.105 -5036.539 0.9209321 -570.1713 -5036.539 0.9209321 -947.4882 -5036.539 0.9209321 -1032.871 -4786.539 0.9209321 -570.1713 -4570.369 0.9209321 -570.1713 -4536.539 0.9209321 -570.1713 -4536.539 0.9209321 -482.8715 -4511.139 0.9209321 -482.8715 -4511.139 0.9209321 -682.8715 -4536.539 0.9209321 -682.8715 -4486.539 0.9209321 -682.8715 -4461.139 0.9209321 -682.8715 -4486.539 0.9209321 -482.8715 -4461.139 0.9209321 -482.8715 -3264.539 0.9209321 -682.8715 -3239.139 0.9209321 -682.8715 -3264.539 0.9209321 -482.8715 -3239.139 0.9209321 -482.8715 -2039.139 0.9209321 -482.8715 -2064.539 0.9209321 -482.8715 -2039.139 0.9209321 -682.8715 -2064.539 0.9209321 -682.8715 -4079.838 0.9209321 -682.8715 -4079.838 0.9209321 -482.8715 -4279.839 0.9209321 -682.8715 -4279.839 0.9209321 -482.8715 -3079.839 0.9209321 -682.8715 -2879.839 0.9209321 -682.8715 -3079.839 0.9209321 -482.8715 -2879.839 0.9209321 -482.8715 -1879.839 0.9209321 -682.8715 -1679.839 0.9209321 -682.8715 -1879.839 0.9209321 -482.8715 -1679.839 0.9209321 -482.8715 -4799.838 0.9209321 -1432.871 -4799.838 0.9209321 -1232.871 -4999.838 0.9209321 -1432.871 -4999.838 0.9209321 -1232.871 -3779.839 0.9209321 -1432.871 -3579.839 0.9209321 -1432.871 -3779.839 0.9209321 -1232.871 -3579.839 0.9209321 -1232.871 -2559.839 0.9209321 -1432.871 -2359.839 0.9209321 -1432.871 -2559.839 0.9209321 -1232.871 -2359.839 0.9209321 -1232.871</float_array>
          <technique_common>
            <accessor source="#Floor10-mesh-positions-array" count="910" stride="3">
              <param name="X" type="float"/>
              <param name="Y" type="float"/>
              <param name="Z" type="float"/>
            </accessor>
          </technique_common>
        </source>
        <source id="Floor10-mesh-normals">
          <float_array id="Floor10-mesh-normals-array" count="5448">0 1 0 0 1 0 0 1 0 0 1 0 0 1 0 0 1 0 0 1 0 0 1 0 0 1 0 0 1 0 0 1 0 0 1 0 0 1 0 0 1 0 0 1 0 0 1 0 0 1 0 0 1 0 0 1 0 0 1 0 0 1 0 0 1 0 0 1 0 0 1 0 0 1 0 0 1 0 0 1 0 0 1 0 0 1 0 0 1 0 0 1 0 0 1 0 0 1 0 0 1 0 0 1 0 0 1 0 0 1 0 0 1 0 0 1 0 0 1 0 0 1 0 0 1 0 0 1 0 0 1 0 0 1 0 0 1 0 0 1 0 0 1 0 0 1 0 0 1 0 0 1 0 0 1 0 0 1 0 0 1 0 0 1 0 0 1 0 0 1 0 0 1 0 0 1 0 0 1 0 0 1 0 0 1 0 0 1 0 0 1 0 0 1 0 0 1 0 0 1 0 0 1 0 0 1 0 0 1 0 0 1 0 0 1 0 0 1 0 0 1 0 0 1 0 0 1 0 0 1 0 0 1 0 0 1 0 0 1 0 0 1 0 0 1 0 0 1 0 0 1 0 0 1 0 0 1 0 0 1 0 0 1 0 0 1 0 0 1 0 0 1 0 0 1 0 0 1 0 0 1 0 0 1 0 0 1 0 0 1 0 0 1 0 0 1 0 0 1 0 0 1 0 0 1 0 0 1 0 0 1 0 0 1 0 0 1 0 0 1 0 0 1 0 0 1 0 0 1 0 0 1 0 0 1 0 0 1 0 0 1 0 0 1 0 0 1 0 0 1 0 0 1 0 0 1 0 0 1 0 0 1 0 0 1 0 0 1 0 0 1 0 0 1 0 0 1 0 0 1 0 0 1 0 0 1 0 0 1 0 0 1 0 0 1 0 0 1 0 0 1 0 0 1 0 0 1 0 0 1 0 0 1 0 0 1 0 0 1 0 0 1 0 0 1 0 0 1 0 0 1 0 0 1 0 0 1 0 0 1 0 0 1 0 0 1 0 0 1 0 0 1 0 0 1 0 0 1 0 0 1 0 0 1 0 0 1 0 0 1 0 0 1 0 0 1 0 0 1 0 0 1 0 0 1 0 0 1 0 0 1 0 0 1 0 0 1 0 0 1 0 0 1 0 0 1 0 0 1 0 0 1 0 0 1 0 0 1 0 0 1 0 0 1 0 0 1 0 0 1 0 0 1 0 0 1 0 0 1 0 0 1 0 0 1 0 0 1 0 0 1 0 0 1 0 0 1 0 0 1 0 0 1 0 0 1 0 0 1 0 0 1 0 0 1 0 0 1 0 0 1 0 0 1 0 0 1 0 0 1 0 0 1 0 0 1 0 0 1 0 0 1 0 0 1 0 0 1 0 0 1 0 0 1 0 0 1 0 0 1 0 0 1 0 0 1 0 0 1 0 0 1 0 0 1 0 0 1 0 0 1 0 0 1 0 0 1 0 0 1 0 0 1 0 0 1 0 0 1 0 0 1 0 0 1 0 0 1 0 0 1 0 0 1 0 0 1 0 0 1 0 0 1 0 0 1 0 0 1 0 0 1 0 0 1 0 0 1 0 0 1 0 0 1 0 0 1 0 0 1 0 0 1 0 0 1 0 0 1 0 0 1 0 0 1 0 0 1 0 0 1 0 0 1 0 0 1 0 0 1 0 0 1 0 0 1 0 0 1 0 0 1 0 0 1 0 0 1 0 0 1 0 0 1 0 0 1 0 0 1 0 0 1 0 0 1 0 0 1 0 0 1 0 0 1 0 0 1 0 0 1 0 0 1 0 0 1 0 0 1 0 0 1 0 0 1 0 0 1 0 0 1 0 0 1 0 0 1 0 0 1 0 0 1 0 0 1 0 0 1 0 0 1 0 0 1 0 0 1 0 0 1 0 0 1 0 0 1 0 0 1 0 0 1 0 0 1 0 0 1 0 0 1 0 0 1 0 0 1 0 0 1 0 0 1 0 0 1 0 0 1 0 0 1 0 0 1 0 0 1 0 0 1 0 0 1 0 0 1 0 0 1 0 0 1 0 0 1 0 0 1 0 0 1 0 0 1 0 0 1 0 0 1 0 0 1 0 0 1 0 0 1 0 0 1 0 0 1 0 0 1 0 0 1 0 0 1 0 0 1 0 0 1 0 0 1 0 0 1 0 0 1 0 0 1 0 0 1 0 0 1 0 0 1 0 0 1 0 0 1 0 0 1 0 0 1 0 0 1 0 0 1 0 0 1 0 0 1 0 0 1 0 0 1 0 0 1 0 0 1 0 0 1 0 0 1 0 0 1 0 0 1 0 0 1 0 0 1 0 0 1 0 0 1 0 0 1 0 0 1 0 0 1 0 0 1 0 0 1 0 0 1 0 0 1 0 0 1 0 0 1 0 0 1 0 0 1 0 0 1 0 0 1 0 0 1 0 0 1 0 0 1 0 0 1 0 0 1 0 0 1 0 0 1 0 0 1 0 0 1 0 0 1 0 0 1 0 0 1 0 0 1 0 0 1 0 0 1 0 0 1 0 0 1 0 0 1 0 0 1 0 0 1 0 0 1 0 0 1 0 0 1 0 0 1 0 0 1 0 0 1 0 0 1 0 0 1 0 0 1 0 0 1 0 0 1 0 0 1 0 0 1 0 0 1 0 0 1 0 0 1 0 0 1 0 0 1 0 0 1 0 0 1 0 0 1 0 0 1 0 0 1 0 0 1 0 0 1 0 0 1 0 0 1 0 0 1 0 0 1 0 0 1 0 0 1 0 0 1 0 0 1 0 0 1 0 0 1 0 0 1 0 0 1 0 0 1 0 0 1 0 0 1 0 0 1 0 0 1 0 0 1 0 0 1 0 0 1 0 0 1 0 0 1 0 0 1 0 0 1 0 0 1 0 0 1 0 0 1 0 0 1 0 0 1 0 0 1 0 0 1 0 0 1 0 0 1 0 0 1 0 0 1 0 0 1 0 0 1 0 0 1 0 0 1 0 0 1 0 0 1 0 0 1 0 0 1 0 0 1 0 0 1 0 0 1 0 0 1 0 0 1 0 0 1 0 0 1 0 0 1 0 0 1 0 0 1 0 0 1 0 0 1 0 0 1 0 0 1 0 0 1 0 0 1 0 0 1 0 0 1 0 0 1 0 0 1 0 0 1 0 0 1 0 0 1 0 0 1 0 0 1 0 0 1 0 0 1 0 0 1 0 0 1 0 0 1 0 0 1 0 0 1 0 0 1 0 0 1 0 0 1 0 0 1 0 0 1 0 0 1 0 0 1 0 0 1 0 0 1 0 0 1 0 0 1 0 0 1 0 0 1 0 0 1 0 0 1 0 0 1 0 0 1 0 0 1 0 0 1 0 0 1 0 0 1 0 0 1 0 0 1 0 0 1 0 0 1 0 0 1 0 0 1 0 0 1 0 0 1 0 0 1 0 0 1 0 0 1 0 0 1 0 0 1 0 0 1 0 0 1 0 0 1 0 0 1 0 0 1 0 0 1 0 0 1 0 0 1 0 0 1 0 0 1 0 0 1 0 0 1 0 0 1 0 0 1 0 0 1 0 0 1 0 0 1 0 1 0 0 1 0 0 1 0 0 1 0 0 1 0 0 1 0 0 1 0 0 1 0 0 1 0 0 1 0 0 1 0 0 1 0 0 1 0 0 1 0 0 1 0 0 1 0 0 1 0 0 1 0 0 1 0 0 1 0 0 0 0 -1 0 0 -1 0 0 -1 0 0 -1 0 0 -1 0 0 -1 0 0 -1 0 0 -1 0 0 -1 0 0 -1 -1 0 0 -1 0 0 -1 0 0 -1 0 0 -1 0 0 -1 0 0 -1 0 0 -1 0 0 -1 0 0 -1 0 0 0 0 1 0 0 1 0 0 1 0 0 1 0 0 1 0 0 1 0 0 1 0 0 1 0 0 1 0 0 1 0 0 1 0 0 1 0 0 1 0 0 1 0 0 1 0 0 1 0 0 1 0 0 1 0 0 1 0 0 1 0 0 1 0 0 1 0 -1 0 0 -1 0 0 -1 0 0 -1 0 0 -1 0 0 -1 0 0 -1 0 0 -1 0 0 -1 0 0 -1 0 0 -1 0 0 -1 0 0 -1 0 0 -1 0 0 -1 0 0 -1 0 0 -1 0 0 -1 0 0 -1 0 0 -1 0 0 -1 0 0 -1 0 0 -1 0 0 -1 0 0 -1 0 0 -1 0 0 -1 0 0 -1 0 0 -1 0 0 -1 0 0 -1 0 0 -1 0 0 -1 0 0 -1 0 0 -1 0 0 -1 0 0 -1 0 0 -1 0 0 -1 0 0 -1 0 0 -1 0 0 -1 0 0 -1 0 0 -1 0 0 -1 0 0 -1 0 0 -1 0 0 -1 0 0 -1 0 0 -1 0 0 -1 0 0 -1 0 0 -1 0 0 -1 0 0 -1 0 0 -1 0 0 -1 0 0 -1 0 0 -1 0 0 -1 0 0 -1 0 0 -1 0 0 -1 0 0 -1 0 0 -1 0 0 -1 0 0 -1 0 0 -1 0 0 -1 0 0 -1 0 0 -1 0 0 -1 0 0 -1 0 0 -1 0 0 -1 0 0 -1 0 0 -1 0 0 -1 0 0 -1 0 0 -1 0 0 -1 0 0 -1 0 0 -1 0 0 -1 0 0 -1 0 0 -1 0 0 -1 0 0 -1 0 0 -1 0 0 -1 0 0 -1 0 0 -1 0 0 -1 0 0 -1 0 0 -1 0 0 -1 0 0 -1 0 0 -1 0 0 -1 0 0 -1 0 0 -1 0 0 -1 0 0 -1 0 0 -1 0 0 -1 0 0 -1 0 0 -1 0 0 -1 0 0 -1 0 0 -1 0 0 -1 0 0 -1 0 0 -1 0 0 -1 0 0 -1 0 0 -1 0 0 -1 0 0 -1 0 0 -1 0 0 -1 0 0 -1 0 0 -1 0 0 -1 0 0 -1 0 0 -1 0 0 -1 0 0 -1 0 0 -1 0 0 -1 0 0 -1 0 0 -1 0 0 -1 0 0 -1 0 0 -1 0 0 -1 0 0 -1 0 0 -1 0 0 -1 0 0 -1 0 0 -1 0 0 -1 0 0 -1 0 0 -1 0 0 -1 0 0 -1 0 0 -1 0 0 -1 0 0 -1 0 0 -1 0 0 -1 0 0 -1 0 0 0 -1 0 0 -1 0 0 -1 0 0 -1 0 0 -1 0 0 -1 0 0 -1 0 0 -1 0 0 -1 0 0 -1 0 0 -1 0 0 -1 0 0 -1 0 0 -1 0 0 -1 0 0 -1 0 0 -1 0 0 -1 0 0 -1 0 0 -1 0 0 -1 0 0 -1 0 0 -1 0 0 -1 0 0 -1 0 0 -1 0 0 -1 0 0 -1 0 0 -1 0 0 -1 0 0 -1 0 0 -1 0 0 -1 0 0 -1 -1 0 0 -1 0 0 -1 0 0 -1 0 0 -1 0 0 -1 0 0 -1 0 0 -1 0 0 -1 0 0 -1 0 0 0 0 -1 0 0 -1 0 0 -1 0 0 -1 1 0 0 1 0 0 1 0 0 1 0 0 1 0 0 1 0 0 1 0 0 1 0 0 0 0 1 0 0 1 0 0 1 0 0 1 0 0 1 0 0 1 0 0 1 0 0 1 0 0 1 0 0 1 0 0 1 -1 0 0 -1 0 0 -1 0 0 -1 0 0 -1 0 0 -1 0 0 -1 0 0 -1 0 0 0 0 1 0 0 1 0 0 1 0 0 1 0 0 1 0 0 1 -1 0 0 -1 0 0 0 0 1 0 0 1 1 0 0 1 0 0 0 0 -1 0 0 -1 -1 0 0 -1 0 0 0 0 -1 0 0 -1 0 0 -1 0 0 -1 1 0 0 1 0 0 1 0 0 1 0 0 1 0 0 1 0 0 1 0 0 1 0 0 0 0 1 0 0 1 0 0 1 0 0 1 0 0 1 0 0 1 0 0 1 0 0 1 0 0 1 0 0 1 0 0 1 -1 0 0 -1 0 0 -1 0 0 -1 0 0 -1 0 0 -1 0 0 -1 0 0 -1 0 0 0 0 1 0 0 1 0 0 1 0 0 1 0 0 1 0 0 1 -1 0 0 -1 0 0 0 0 1 0 0 1 1 0 0 1 0 0 0 0 -1 0 0 -1 -1 0 0 -1 0 0 0 0 -1 0 0 -1 0 0 -1 0 0 -1 1 0 0 1 0 0 1 0 0 1 0 0 1 0 0 1 0 0 1 0 0 1 0 0 0 0 1 0 0 1 0 0 1 0 0 1 0 0 1 0 0 1 0 0 1 0.06542772 0 0.9978573 0.06541115 1.08039e-4 0.9978584 0.06540381 0 0.9978589 0.1950858 0 0.9807862 0.1950858 0 0.9807862 0.3214334 0 0.9469323 0.3214334 0 0.9469323 0.4422971 0 0.8968687 0.4422971 0 0.8968687 0.5555682 0 0.831471 0.5555682 0 0.831471 0.6593448 0 0.7518407 0.6593448 0 0.7518407 0.7518407 0 0.6593448 0.7518407 0 0.6593448 0.831471 0 0.5555682 0.831471 0 0.5555682 0.8968732 0 0.4422878 0.8968732 0 0.4422878 0.9469287 0 0.3214437 0.9469287 0 0.3214437 0.9807862 0 0.1950858 0.9807862 0 0.1950858 0.9978584 0 0.06541115 0.9978584 0 0.06541115 0.9974523 0 0.0713365 0.9974523 0 0.0713365 0.9771473 0 0.2125631 0.9771473 0 0.2125631 0.9369484 0 0.3494675 0.9369484 0 0.3494675 0.877684 0 0.4792398 0.877684 0 0.4792398 0.8005396 0 0.5992799 0.8005396 0 0.5992799 0.7071068 0 0.7071068 0.7071068 0 0.7071068 0.599272 0 0.8005456 0.599272 0 0.8005456 0.4792494 0 0.8776788 0.4792494 0 0.8776788 0.3494675 0 0.9369484 0.3494675 0 0.9369484 0.2125631 0 0.9771473 0.2125631 0 0.9771473 0.0713365 0 0.9974523 0.0713365 0 0.9974523 -0.07133561 0 0.9974523 -0.07133561 0 0.9974523 -0.2125641 0 0.9771471 -0.2125657 -1.28523e-5 0.9771468 -0.2125668 0 0.9771466 -0.3494675 0 0.9369484 -0.3494675 0 0.9369484 -0.4792494 0 0.8776788 -0.4792494 0 0.8776788 -0.599272 0 0.8005456 -0.599272 0 0.8005456 -0.7071068 0 0.7071068 -0.7071068 0 0.7071068 -0.8005396 0 0.5992799 -0.8005396 0 0.5992799 -0.8776788 0 0.4792494 -0.8776788 0 0.4792494 -0.9369525 0 0.3494566 -0.9369525 0 0.3494566 -0.9771447 0 0.212575 -0.9771447 0 0.212575 -0.9974523 0 0.0713365 -0.9974523 0 0.0713365 -0.831471 0 0.5555682 -0.8968732 0 0.4422878 -0.8968732 0 0.4422878 -0.9469323 0 0.3214334 -0.9469323 0 0.3214334 -0.980784 0 0.1950968 -0.980784 0 0.1950968 -0.9978592 0 0.0653997 -0.9978592 0 0.0653997 -0.7518405 1.77484e-4 0.659345 -0.7517962 0 0.6593956 -0.831471 0 0.5555682 -0.7518351 0 0.6593513 -0.6593448 0 0.7518407 -0.6593448 0 0.7518407 -0.5555735 0 0.8314675 -0.5555735 0 0.8314675 -0.4422971 0 0.8968687 -0.4422971 0 0.8968687 -0.3214334 0 0.9469323 -0.3214334 0 0.9469323 -0.195088 0 0.9807858 -0.195088 0 0.9807858 -0.06541037 0 0.9978584 -0.06541037 0 0.9978584 0.06541037 0 0.9978584 0.06541037 0 0.9978584 0.195088 0 0.9807858 0.195088 0 0.9807858 0.3214334 0 0.9469323 0.3214334 0 0.9469323 0.4422971 0 0.8968687 0.4422971 0 0.8968687 0.5555735 0 0.8314675 0.5555735 0 0.8314675 0.6593391 0 0.7518457 0.6593391 0 0.7518457 0.7518407 0 0.6593448 0.7518407 0 0.6593448 0.831471 0 0.5555682 0.831471 0 0.5555682 0.8968687 0 0.4422971 0.8968687 0 0.4422971 0.9469323 0 0.3214334 0.9469323 0 0.3214334 0.9807862 0 0.1950858 0.9807862 0 0.1950858 0.9978584 0 0.06541115 0.9978584 0 0.06541115 0.9974523 0 0.0713365 0.9974523 0 0.0713365 0.9771473 0 0.2125631 0.9771473 0 0.2125631 0.9369525 0 0.3494566 0.9369525 0 0.3494566 0.8776736 0 0.479259 0.8776736 0 0.479259 0.8005515 0 0.5992639 0.8005515 0 0.5992639 0.7070943 0 0.7071192 0.7070943 0 0.7071192 0.5992657 0 0.8005502 0.5992779 1.54228e-4 0.8005411 0.5992909 0 0.8005313 0.4792546 0 0.8776759 0.4792546 0 0.8776759 0.3494594 0 0.9369515 0.3494594 0 0.9369515 0.2125683 0 0.9771462 0.2125683 0 0.9771462 0.07133561 0 0.9974523 0.07133561 0 0.9974523 -0.07133561 0 0.9974523 -0.07133561 0 0.9974523 -0.2125631 0 0.9771473 -0.2125631 0 0.9771473 -0.3494284 0 0.936963 -0.3494675 6.5904e-6 0.9369484 -0.9974523 0 0.0713365 -0.9974523 0 0.0713365 -0.9771473 0 0.2125631 -0.9771473 0 0.2125631 -0.9369525 0 0.3494566 -0.9369525 0 0.3494566 -0.8776736 0 0.479259 -0.8776736 0 0.479259 -0.8005515 0 0.5992639 -0.8005515 0 0.5992639 -0.7071068 0 0.7071068 -0.7071068 0 0.7071068 -0.5992659 0 0.80055 -0.5992659 0 0.80055 -0.4792546 0 0.8776759 -0.4792546 0 0.8776759 -0.3494679 0 0.9369483 -0.9978584 0 0.06541115 -0.9978584 0 0.06541115 -0.9807862 0 0.1950858 -0.9807862 0 0.1950858 -0.9469252 0 0.3214539 -0.9469252 0 0.3214539 -0.8968777 0 0.4422786 -0.8968777 0 0.4422786 -0.831471 0 0.5555682 -0.831471 0 0.5555682 -0.7518407 0 0.6593448 -0.7518407 0 0.6593448 -0.6593391 0 0.7518457 -0.6593391 0 0.7518457 -0.5555735 0 0.8314675 -0.5555735 0 0.8314675 -0.4422971 0 0.8968687 -0.4422971 0 0.8968687 -0.3214334 0 0.9469323 -0.3214334 0 0.9469323 -0.1950836 0 0.9807866 -0.1950836 0 0.9807866 -0.06541186 0 0.9978584 -0.06541186 0 0.9978584 0 0 1 0 0 1 1 0 0 1 0 0 1 0 0 1 0 0 1 0 0 1 0 0 1 0 0 1 0 0 1 0 0 1 0 0 0 0 1 0 0 1 0 0 1 1 0 0 1 0 0 0 0 -1 0 0 -1 0 0 -1 1 0 0 1 0 0 0 0 1 0 0 1 0 0 1 1 0 0 1 0 0 0 0 -1 0 0 -1 0 0 -1 1 0 0 1 0 0 1 0 0 1 0 0 1 0 0 1 0 0 0 0 1 0 0 1 0 0 1 1 0 0 1 0 0 0 0 -1 0 0 -1 0 0 -1 -1 0 0 -1 0 0 0 0 1 0 0 1 -1 0 0 -1 0 0 -1 0 0 -1 0 0 -1 0 0 -1 0 0 0 0 -1 0 0 -1 -1 0 0 -1 0 0 0 0 1 0 0 1 -1 0 0 -1 0 0 0 0 -1 0 0 -1 -1 0 0 -1 0 0 0 0 1 0 0 1 -1 0 0 -1 0 0 -1 0 0 -1 0 0 -1 0 0 -1 0 0 -1 0 0 -1 0 0 -1 0 0 -1 0 0 0 0 -1 0 0 -1 0.07133561 0 -0.9974523 0.07133561 0 -0.9974523 0.2125683 0 -0.9771462 0.2125683 0 -0.9771462 0.3494594 0 -0.9369515 0.3494594 0 -0.9369515 0.4792546 0 -0.8776759 0.4792546 0 -0.8776759 0.5992859 0 -0.8005352 0.5992859 0 -0.8005352 0.7071068 0 -0.7071068 0.7071068 0 -0.7071068 0.8005396 0 -0.5992799 0.8005396 0 -0.5992799 0.8776707 0 -0.4792642 0.8776707 0 -0.4792642 0.9369541 0 -0.3494526 0.9369541 0 -0.3494526 0.9771468 0 -0.2125657 0.9771468 0 -0.2125657 0.9974523 0 -0.07133561 0.9974523 0 -0.07133561 0.9978584 0 -0.06541115 0.9978584 0 -0.06541115 0.9807862 0 -0.1950858 0.9807862 0 -0.1950858 0.9469311 0 -0.3214369 0.9469311 0 -0.3214369 0.8968687 0 -0.4422971 0.8968687 0 -0.4422971 0.831471 0 -0.5555682 0.831471 0 -0.5555682 0.7518407 0 -0.6593448 0.7518407 0 -0.6593448 0.6593391 0 -0.7518457 0.6593391 0 -0.7518457 0.5555814 0 -0.8314621 0.5555814 0 -0.8314621 0.4422878 0 -0.8968732 0.4422878 0 -0.8968732 0.3214334 0 -0.9469323 0.3214334 0 -0.9469323 0.1950771 0 -0.9807879 0.195088 3.72383e-5 -0.9807858 0.19509 0 -0.9807854 0.06541037 0 -0.9978584 0.06541037 0 -0.9978584 -0.06541186 0 -0.9978584 -0.06541186 0 -0.9978584 -0.1950836 0 -0.9807866 -0.1950836 0 -0.9807866 -0.3214334 0 -0.9469323 -0.3214334 0 -0.9469323 -0.4422878 0 -0.8968732 -0.4422878 0 -0.8968732 -0.5561008 0 -0.8311148 -0.5555814 -3.51654e-4 -0.831462 -0.5555673 0 -0.8314715 -0.6593391 0 -0.7518457 -0.6593391 0 -0.7518457 -0.7518407 0 -0.6593448 -0.7518407 0 -0.6593448 -0.831471 0 -0.5555682 -0.831471 0 -0.5555682 -0.8968777 0 -0.4422786 -0.8968777 0 -0.4422786 -0.946924 0 -0.3214575 -0.946924 0 -0.3214575 -0.9807862 0 -0.1950858 -0.9807862 0 -0.1950858 -0.9978599 0 -0.06538826 -0.9978599 0 -0.06538826 -0.9974507 0 -0.0713604 -0.9974507 0 -0.0713604 -0.9771468 0 -0.2125657 -0.9771468 0 -0.2125657 -0.9369541 0 -0.3494526 -0.9369541 0 -0.3494526 -0.8776812 0 -0.479245 -0.8776812 0 -0.479245 -0.8005396 0 -0.5992799 -0.8005396 0 -0.5992799 -0.7071068 0 -0.7071068 -0.7071068 0 -0.7071068 -0.599274 0 -0.8005441 -0.599274 0 -0.8005441 -0.4792546 0 -0.8776759 -0.4792546 0 -0.8776759 -0.3494675 0 -0.9369484 -0.3494675 0 -0.9369484 -0.2125631 0 -0.9771473 -0.2125631 0 -0.9771473 -0.07133561 0 -0.9974523 -0.07133561 0 -0.9974523 0.07133734 0 -0.9974522 0.07133734 0 -0.9974522 0.2125631 0 -0.9771473 0.2125631 0 -0.9771473 0.3494594 0 -0.9369515 0.3494594 0 -0.9369515 0.4792546 0 -0.8776759 0.4792546 0 -0.8776759 0.599274 0 -0.8005441 0.599274 0 -0.8005441 0.7071192 0 -0.7070943 0.7071192 0 -0.7070943 0.8005335 0 -0.5992879 0.8005335 0 -0.5992879 0.8776812 0 -0.479245 0.8776812 0 -0.479245 0.9369494 0 -0.3494649 0.93695 1.071e-5 -0.3494635 0.9974523 0 -0.07133561 0.9974523 0 -0.07133561 0.9771441 0 -0.2125776 0.9771441 0 -0.2125776 0.9369503 0 -0.3494627 0.9978592 0 -0.0653997 0.9978592 0 -0.0653997 0.9807862 0 -0.1950858 0.9807862 0 -0.1950858 0.9469275 0 -0.3214471 0.9469275 0 -0.3214471 0.8968732 0 -0.4422878 0.8968732 0 -0.4422878 0.831471 0 -0.5555682 0.831471 0 -0.5555682 0.7518407 0 -0.6593448 0.7518407 0 -0.6593448 0.6593391 0 -0.7518457 0.6593391 0 -0.7518457 0.5555814 0 -0.8314621 0.5555814 0 -0.8314621 0.4422878 0 -0.8968732 0.4422878 0 -0.8968732 0.3214334 0 -0.9469323 0.3214334 0 -0.9469323 0.1950981 0 -0.9807838 0.1950858 1.89371e-4 -0.9807862 0.1950556 0 -0.9807922 0.06541115 0 -0.9978584 0.06541115 0 -0.9978584 -0.06541115 0 -0.9978584 -0.06541115 0 -0.9978584 -0.1950858 0 -0.9807862 -0.1950858 0 -0.9807862 -0.3214369 0 -0.9469311 -0.3214369 0 -0.9469311 -0.4422833 0 -0.8968755 -0.4422833 0 -0.8968755 -0.5555814 0 -0.8314621 -0.5555814 0 -0.8314621 -0.6593448 0 -0.7518407 -0.6593448 0 -0.7518407 -0.7518351 0 -0.6593513 -0.7518351 0 -0.6593513 -0.831471 0 -0.5555682 -0.831471 0 -0.5555682 -0.8968732 0 -0.4422878 -0.8968732 0 -0.4422878 -0.9469275 0 -0.3214471 -0.9469275 0 -0.3214471 -0.9807862 0 -0.1950858 -0.9807862 0 -0.1950858 -0.9978592 0 -0.0653997 -0.9978592 0 -0.0653997 -0.9974523 0 -0.07133561 -0.9974523 0 -0.07133561 -0.9771468 0 -0.2125657 -0.9771468 0 -0.2125657 -0.93695 0 -0.3494635 -0.93695 0 -0.3494635 -0.8776759 0 -0.4792546 -0.8776759 0 -0.4792546 -0.8005396 0 -0.5992799 -0.8005396 0 -0.5992799 -0.7071068 0 -0.7071068 -0.7071068 0 -0.7071068 -0.5992799 0 -0.8005396 -0.5992799 0 -0.8005396 -0.4792546 0 -0.8776759 -0.4792546 0 -0.8776759 -0.3494635 0 -0.93695 -0.3494635 0 -0.93695 -0.2125631 0 -0.9771473 -0.2125631 0 -0.9771473 -0.07133984 0 -0.9974521 -0.0713365 4.4301e-5 -0.9974523 -0.07132971 0 -0.9974528 0 0 -1 0 0 -1 0 0 -1 0 0 -1 0 0 -1 0 0 -1 0 0 -1 0 0 -1 0 0 -1 0 0 -1 0 0 -1 0 0 -1 0 0 -1 0 0 -1 0 0 -1 0 0 -1 0 0 -1 0 0 -1 0 0 -1 0 0 -1 0 0 -1 0 0 -1 0 0 -1 0 0 -1 0 0 -1 0 0 -1 0 0 -1 -1 0 0 -1 0 0 -1 0 0 -1 0 0 -1 0 0 -1 0 0 -1 0 0 -1 0 0 0 0 1 0 0 1 0 0 1 0 0 1 0 0 1 0 0 1 -1 0 0 -1 0 0 0 0 1 0 0 1 1 0 0 1 0 0 0 0 -1 0 0 -1 -1 0 0 -1 0 0 0 1 0 0 1 0 0 1 0 0 1 0 0 1 0 0 1 0 0 1 0 0 1 0 0 1 0 0 1 0 0 1 0 0 1 0 0 1 0 0 1 0 0 1 0 0 1 0 0 1 0 0 1 0 0 1 0 0 1 0 0 1 0 0 1 0 0 1 0 0 1 0 0 1 0 0 1 0 0 1 0 0 1 0 0 1 0 0 1 0 0 1 0 0 1 0 0 1 0 0 1 0 0 1 0 0 1 0 0 1 0 0 1 0 0 1 0 0 1 0 0 1 0 0 1 0 0 1 0 0 1 0 0 1 0 0 1 0 0 1 0 0 1 0 0 1 0 0 1 0 0 1 0 0 1 0 0 1 0 0 1 0 0 1 0 0 1 0 0 1 0 0 1 0 0 1 0 0 1 0 0 1 0 0 1 0 0 1 0 0 1 0 0 1 0 0 1 0 0 1 0 0 1 0 0 1 0 0 1 0 0 1 0 0 1 0 0 1 0 0 1 0 0 1 0 0 1 0 0 1 0 0 1 0 0 1 0 0 1 0 0 1 0 0 1 0 0 1 0 0 1 0 0 1 0 0 1 0 0 1 0 0 1 0 0 1 0 0 1 0 0 1 0 0 1 0 0 1 0 0 1 0 0 1 0 0 1 0 0 1 0 0 1 0 0 1 0 0 1 0 0 1 0 0 1 0 0 1 0 0 1 0 0 1 0 0 1 0 0 1 0 0 1 0 0 1 0 0 1 0 0 1 0 0 1 0 0 1 0 0 1 0 0 1 0 0 1 0 0 1 0 0 1 0 0 1 0 0 1 0 0 1 0 0 1 0 0 1 0 0 1 0 0 1 0 0 1 0 0 1 0 0 1 0 0 1 0 0 1 0 0 1 0 0 1 0 0 1 0 0 1 0 0 1 0 0 1 0 0 1 0 0 1 0 0 1 0 0 1 0 0 1 0 0 1 0 0 1 0 0 1 0 0 1 0 0 1 0 0 1 0 0 1 0 0 1 0 0 1 0 0 1 0 0 1 0 0 1 0 0 1 0 0 1 0 0 1 0 0 1 0 0 1 0 0 1 0 0 1 0 0 1 0 0 1 0 0 1 0 0 1 0 0 1 0 0 1 0 0 1 0 0 1 0 0 1 0 0 1 0 0 1 0 0 1 0 0 1 0 0 1 0 0 1 0 0 1 0 0 1 0 0 1 0 0 1 0 0 1 0 0 1 0 0 1 0 0 1 0 0 1 0 0 1 0 0 1 0 0 1 0 0 1 0 0 1 0 0 1 0 0 1 0 0 1 0 0 1 0 0 1 0 0 1 0 0 1 0 0 1 0 0 1 0 0 1 0 0 1 0 0 1 0 0 1 0 0 1 0 0 1 0 0 1 0 0 1 0 0 1 0 0 1 0 0 1 0 0 1 0 0 1 0 0 1 0 0 1 0 0 1 0 0 1 0 0 1 0 0 1 0 0 1 0 0 1 0 0 1 0 0 1 0 0 1 0 0 1 0 0 1 0 0 1 0 0 1 0 0 1 0 0 1 0 0 1 0 0 1 0 0 1 0 0 1 0 0 1 0 0 1 0 0 1 0 0 1 0 0 1 0 0 1 0 0 1 0 0 1 0 0 1 0 0 1 0 0 1 0 0 1 0 0 1 0 0 1 0 0 1 0 0 1 0 0 1 0 0 1 0 0 1 0 0 1 0 0 1 0 0 1 0 0 1 0 0 1 0 0 1 0 0 1 0 0 1 0 0 1 0 0 1 0 0 1 0 0 1 0 0 1 0 0 1 0 0 1 0 0 1 0 0 1 0 0 1 0 0 1 0 0 1 0 0 1 0 0 1 0 0 1 0 0 1 0 0 1 0 0 1 0 0 1 0 0 1 0 0 1 0 0 1 0 0 1 0 0 1 0 0 1 0 0 1 0 0 1 0 0 1 0 0 1 0 0 1 0 0 1 0 0 1 0 0 1 0 0 1 0 0 1 0 0 1 0 0 1 0 0 1 0 0 1 0 0 1 0 0 1 0 0 1 0 0 1 0 0 1 0 0 1 0 0 1 0 0 1 0 0 0 -1 0 0 -1 -1 0 0 -1 0 0 0 0 1 0 0 1 1 0 0 1 0 0 0 1 0 0 1 0 0 0 -1 0 0 -1 -1 0 0 -1 0 0 0 0 1 0 0 1 1 0 0 1 0 0 0 1 0 0 1 0 0 0 1 0 0 1 1 0 0 1 0 0 0 0 -1 0 0 -1 -1 0 0 -1 0 0 0 1 0 0 1 0 1 0 0 1 0 0 0 0 -1 0 0 -1 -1 0 0 -1 0 0 0 0 1 0 0 1 0 1 0 0 1 0 0 0 -1 0 0 -1 0 0 -1 -1 0 0 -1 0 0 0 0 1 0 0 1 0 0 1 1 0 0 1 0 0 0 1 0 0 1 0 0 0 -1 0 0 -1 -1 0 0 -1 0 0 0 0 1 0 0 1 1 0 0 1 0 0 0 1 0 0 1 0 1 0 0 1 0 0 1 0 0 0 0 -1 0 0 -1 0 0 -1 -1 0 0 -1 0 0 -1 0 0 0 0 1 0 0 1 0 0 1 0 1 0 0 1 0 0 0 -1 0 0 -1 -1 0 0 -1 0 0 -1 0 0 0 0 1 0 0 1 1 0 0 1 0 0 1 0 0 0 1 0 0 1 0 0 0 -1 0 0 -1 0 0 -1 -1 0 0 -1 0 0 -1 0 0 0 0 1 0 0 1 0 0 1 1 0 0 1 0 0 1 0 0 0 1 0 0 1 0</float_array>
          <technique_common>
            <accessor source="#Floor10-mesh-normals-array" count="1816" stride="3">
              <param name="X" type="float"/>
              <param name="Y" type="float"/>
              <param name="Z" type="float"/>
            </accessor>
          </technique_common>
        </source>
        <vertices id="Floor10-mesh-vertices">
          <input semantic="POSITION" source="#Floor10-mesh-positions"/>
        </vertices>
        <triangles material="Material_001-material" count="1493">
          <input semantic="VERTEX" source="#Floor10-mesh-vertices" offset="0"/>
          <input semantic="NORMAL" source="#Floor10-mesh-normals" offset="1"/>
          <p>0 0 1 0 2 0 3 1 4 1 5 1 6 2 7 2 8 2 9 3 10 3 11 3 12 4 13 4 14 4 15 5 16 5 17 5 18 6 19 6 20 6 21 7 22 7 23 7 24 8 25 8 26 8 27 9 28 9 29 9 30 10 31 10 32 10 32 11 31 11 33 11 32 12 33 12 34 12 34 13 33 13 35 13 34 14 35 14 36 14 37 15 38 15 39 15 39 16 38 16 40 16 39 17 40 17 41 17 42 18 43 18 44 18 44 19 43 19 45 19 40 20 44 20 41 20 41 21 44 21 45 21 41 22 45 22 46 22 46 23 45 23 36 23 46 24 36 24 47 24 47 25 36 25 35 25 48 26 49 26 50 26 51 27 52 27 53 27 48 28 50 28 53 28 53 29 50 29 54 29 53 30 54 30 51 30 49 31 48 31 55 31 55 32 48 32 56 32 55 33 56 33 57 33 58 34 59 34 60 34 60 35 59 35 61 35 60 36 61 36 62 36 63 37 64 37 65 37 65 38 64 38 66 38 65 39 66 39 67 39 68 40 69 40 70 40 70 41 69 41 71 41 72 42 65 42 73 42 73 43 65 43 67 43 73 44 67 44 74 44 75 45 71 45 76 45 76 46 71 46 77 46 76 47 77 47 78 47 79 48 80 48 75 48 75 49 80 49 81 49 75 50 81 50 71 50 71 51 81 51 82 51 71 52 82 52 83 52 84 53 85 53 86 53 86 54 85 54 60 54 86 55 60 55 87 55 87 56 60 56 62 56 87 57 62 57 57 57 57 58 62 58 88 58 57 59 88 59 55 59 52 60 51 60 89 60 89 61 51 61 26 61 89 62 26 62 90 62 90 63 26 63 25 63 90 64 25 64 91 64 92 65 93 65 24 65 93 66 92 66 94 66 94 67 92 67 95 67 94 68 95 68 96 68 96 69 95 69 69 69 96 70 69 70 97 70 97 71 69 71 68 71 97 72 68 72 98 72 99 73 63 73 100 73 100 74 63 74 65 74 100 75 65 75 101 75 23 76 22 76 65 76 65 77 22 77 102 77 65 78 102 78 101 78 101 79 102 79 103 79 101 80 103 80 104 80 103 81 105 81 104 81 104 82 105 82 106 82 104 83 106 83 107 83 107 84 106 84 21 84 107 85 21 85 108 85 108 86 21 86 23 86 108 87 23 87 109 87 109 88 23 88 110 88 111 89 112 89 113 89 113 90 112 90 114 90 113 91 114 91 115 91 115 92 114 92 29 92 115 93 29 93 79 93 79 94 29 94 28 94 79 95 28 95 80 95 116 96 117 96 38 96 38 97 117 97 118 97 38 98 118 98 40 98 40 99 118 99 119 99 120 100 121 100 122 100 123 101 40 101 124 101 124 102 40 102 119 102 124 103 119 103 122 103 122 104 119 104 125 104 122 105 125 105 120 105 120 106 125 106 126 106 120 107 126 107 77 107 77 108 126 108 127 108 77 109 127 109 78 109 128 110 116 110 129 110 129 111 116 111 38 111 129 112 38 112 30 112 30 113 38 113 37 113 30 114 37 114 31 114 130 115 131 115 132 115 133 116 134 116 132 116 135 117 136 117 137 117 137 118 136 118 138 118 137 119 138 119 132 119 132 120 138 120 139 120 132 121 139 121 130 121 140 122 141 122 142 122 142 123 141 123 143 123 142 124 143 124 144 124 132 125 145 125 146 125 135 126 147 126 136 126 136 127 147 127 148 127 136 128 148 128 149 128 149 129 150 129 136 129 136 130 150 130 142 130 136 131 142 131 151 131 151 132 142 132 144 132 131 133 152 133 132 133 132 134 152 134 153 134 132 135 153 135 145 135 146 136 154 136 132 136 132 137 154 137 155 137 132 138 155 138 133 138 156 139 157 139 132 139 132 140 157 140 158 140 159 141 160 141 161 141 161 142 160 142 162 142 161 143 162 143 163 143 164 144 165 144 166 144 167 145 168 145 132 145 165 146 164 146 169 146 169 147 164 147 170 147 169 148 170 148 161 148 161 149 170 149 171 149 161 150 171 150 159 150 158 151 172 151 132 151 132 152 172 152 173 152 132 153 173 153 137 153 137 154 173 154 174 154 137 155 174 155 175 155 176 156 177 156 178 156 168 157 179 157 132 157 132 158 179 158 180 158 132 159 180 159 156 159 175 160 181 160 137 160 137 161 181 161 182 161 137 162 182 162 183 162 183 163 184 163 137 163 137 164 184 164 176 164 137 165 176 165 185 165 185 166 176 166 178 166 166 167 186 167 164 167 164 168 186 168 187 168 164 169 187 169 188 169 189 170 190 170 164 170 164 171 190 171 191 171 164 172 191 172 192 172 193 173 194 173 132 173 132 174 194 174 195 174 132 175 195 175 167 175 188 176 196 176 164 176 164 177 196 177 197 177 164 178 197 178 189 178 198 179 199 179 164 179 200 180 201 180 202 180 202 181 201 181 203 181 202 182 203 182 204 182 199 183 205 183 164 183 164 184 205 184 206 184 164 185 206 185 207 185 164 186 208 186 209 186 207 187 210 187 164 187 164 188 210 188 211 188 164 189 211 189 208 189 209 190 212 190 164 190 164 191 212 191 213 191 164 192 213 192 170 192 170 193 213 193 214 193 170 194 214 194 215 194 215 195 216 195 170 195 170 196 216 196 217 196 170 197 217 197 218 197 219 198 220 198 221 198 222 199 223 199 217 199 222 200 217 200 221 200 221 201 217 201 224 201 221 202 224 202 219 202 225 203 226 203 220 203 220 204 226 204 227 204 220 205 227 205 221 205 223 206 228 206 217 206 217 207 228 207 229 207 217 208 229 208 218 208 20 209 230 209 200 209 200 210 230 210 231 210 200 211 231 211 201 211 19 212 232 212 20 212 20 213 232 213 233 213 20 214 233 214 230 214 234 215 235 215 236 215 236 216 235 216 237 216 236 217 237 217 238 217 239 218 15 218 240 218 240 219 15 219 17 219 240 220 17 220 241 220 241 221 17 221 242 221 241 222 242 222 243 222 243 223 242 223 234 223 243 224 234 224 244 224 244 225 234 225 236 225 245 226 239 226 246 226 246 227 239 227 240 227 246 228 240 228 247 228 247 229 240 229 241 229 247 230 241 230 248 230 248 231 241 231 249 231 250 232 251 232 252 232 253 233 252 233 254 233 254 234 252 234 251 234 254 235 251 235 255 235 256 236 257 236 251 236 251 237 257 237 258 237 259 238 255 238 260 238 260 239 255 239 251 239 260 240 251 240 261 240 261 241 251 241 258 241 261 242 258 242 262 242 262 243 258 243 263 243 264 244 265 244 266 244 266 245 265 245 267 245 266 246 267 246 268 246 269 247 270 247 271 247 271 248 272 248 269 248 269 249 272 249 273 249 269 250 273 250 274 250 275 251 257 251 276 251 276 252 257 252 256 252 276 253 256 253 277 253 277 254 256 254 269 254 277 255 269 255 266 255 266 256 269 256 274 256 266 257 274 257 264 257 278 258 279 258 280 258 268 259 281 259 266 259 266 260 281 260 282 260 266 261 282 261 283 261 283 262 282 262 284 262 283 263 284 263 285 263 285 264 286 264 283 264 283 265 286 265 287 265 283 266 287 266 288 266 288 267 287 267 289 267 288 268 289 268 279 268 279 269 289 269 290 269 279 270 290 270 291 270 280 271 292 271 293 271 291 272 294 272 279 272 279 273 294 273 295 273 279 274 295 274 280 274 293 275 296 275 280 275 280 276 296 276 297 276 280 277 297 277 278 277 298 278 299 278 269 278 269 279 299 279 300 279 269 280 300 280 270 280 301 281 302 281 303 281 304 282 305 282 306 282 306 283 305 283 307 283 308 284 309 284 302 284 301 285 310 285 311 285 312 286 313 286 314 286 315 287 316 287 302 287 302 288 316 288 317 288 302 289 317 289 308 289 305 290 318 290 307 290 307 291 318 291 319 291 307 292 319 292 309 292 309 293 319 293 320 293 309 294 320 294 302 294 311 295 321 295 301 295 301 296 321 296 322 296 301 297 322 297 302 297 302 298 322 298 323 298 302 299 323 299 315 299 314 300 313 300 324 300 304 301 306 301 313 301 313 302 306 302 325 302 313 303 325 303 326 303 327 304 328 304 313 304 313 305 328 305 329 305 313 306 329 306 330 306 326 307 331 307 313 307 313 308 331 308 332 308 313 309 332 309 327 309 330 310 333 310 313 310 313 311 333 311 334 311 313 312 334 312 335 312 314 313 336 313 337 313 335 314 338 314 313 314 313 315 338 315 339 315 313 316 339 316 324 316 337 317 340 317 314 317 314 318 340 318 341 318 314 319 341 319 312 319 342 320 343 320 11 320 11 321 343 321 344 321 11 322 344 322 345 322 346 323 347 323 301 323 301 324 347 324 348 324 301 325 348 325 310 325 349 326 350 326 351 326 342 327 11 327 350 327 350 328 11 328 10 328 350 329 10 329 351 329 345 330 352 330 11 330 11 331 352 331 353 331 11 332 353 332 354 332 354 333 355 333 11 333 11 334 355 334 356 334 11 335 356 335 301 335 301 336 356 336 357 336 301 337 357 337 346 337 358 338 359 338 351 338 351 339 359 339 360 339 351 340 360 340 349 340 358 341 361 341 359 341 359 342 361 342 362 342 359 343 362 343 363 343 363 344 364 344 359 344 359 345 364 345 365 345 359 346 365 346 366 346 367 347 368 347 369 347 369 348 368 348 370 348 369 349 370 349 9 349 371 350 372 350 367 350 367 351 372 351 373 351 367 352 373 352 368 352 374 353 375 353 371 353 371 354 375 354 376 354 371 355 376 355 372 355 377 356 378 356 374 356 374 357 378 357 379 357 374 358 379 358 375 358 380 359 381 359 382 359 382 360 381 360 383 360 382 361 383 361 377 361 377 362 383 362 384 362 377 363 384 363 378 363 380 364 385 364 386 364 386 365 385 365 387 365 386 366 387 366 388 366 388 367 387 367 389 367 388 368 389 368 390 368 391 369 392 369 393 369 393 370 392 370 394 370 390 371 389 371 394 371 394 372 389 372 6 372 394 373 6 373 393 373 85 374 395 374 60 374 60 375 395 375 396 375 60 376 396 376 58 376 58 377 396 377 397 377 398 378 399 378 400 378 399 379 398 379 401 379 401 380 398 380 58 380 401 381 58 381 402 381 402 382 58 382 397 382 402 383 397 383 400 383 400 384 397 384 403 384 400 385 403 385 398 385 398 386 403 386 404 386 398 387 404 387 393 387 393 388 404 388 405 388 393 389 405 389 391 389 382 390 406 390 407 390 380 391 382 391 385 391 385 392 382 392 407 392 385 393 407 393 408 393 406 394 382 394 409 394 409 395 382 395 377 395 409 396 377 396 410 396 410 397 377 397 411 397 411 398 377 398 374 398 411 399 374 399 412 399 24 400 26 400 92 400 92 401 26 401 51 401 92 402 51 402 58 402 58 403 51 403 54 403 58 404 54 404 59 404 413 405 58 405 414 405 414 406 58 406 398 406 414 407 398 407 415 407 415 408 398 408 95 408 415 409 95 409 416 409 416 410 95 410 92 410 416 411 92 411 413 411 413 412 92 412 58 412 412 413 374 413 417 413 417 414 374 414 371 414 417 415 371 415 418 415 418 416 371 416 419 416 419 417 371 417 367 417 419 418 367 418 420 418 67 419 70 419 74 419 74 420 70 420 71 420 74 421 71 421 421 421 421 422 71 422 83 422 421 423 83 423 72 423 72 424 83 424 27 424 72 425 27 425 65 425 65 426 27 426 29 426 65 427 29 427 23 427 23 428 29 428 114 428 23 429 114 429 110 429 110 430 114 430 112 430 420 431 367 431 422 431 422 432 367 432 369 432 422 433 369 433 423 433 9 434 11 434 369 434 369 435 11 435 424 435 369 436 424 436 423 436 425 437 426 437 301 437 301 438 426 438 427 438 301 439 427 439 11 439 11 440 427 440 428 440 11 441 428 441 424 441 40 442 429 442 44 442 44 443 429 443 132 443 44 444 132 444 42 444 42 445 132 445 134 445 120 446 430 446 431 446 430 447 120 447 432 447 432 448 120 448 433 448 432 449 433 449 434 449 434 450 433 450 429 450 434 451 429 451 431 451 431 452 429 452 40 452 431 453 40 453 120 453 120 454 40 454 123 454 120 455 123 455 121 455 4 456 435 456 5 456 5 457 435 457 436 457 5 458 436 458 437 458 437 459 436 459 438 459 437 460 438 460 250 460 250 461 438 461 439 461 250 462 439 462 251 462 251 463 439 463 440 463 251 464 440 464 256 464 256 465 440 465 425 465 256 466 425 466 269 466 269 467 425 467 301 467 269 468 301 468 298 468 298 469 301 469 303 469 433 470 441 470 429 470 429 471 441 471 442 471 429 472 442 472 132 472 132 473 442 473 164 473 132 474 164 474 193 474 193 475 164 475 192 475 252 476 12 476 250 476 250 477 12 477 14 477 250 478 14 478 437 478 437 479 14 479 443 479 437 480 443 480 5 480 5 481 443 481 2 481 5 482 2 482 3 482 3 483 2 483 1 483 441 484 444 484 442 484 442 485 444 485 445 485 442 486 445 486 164 486 164 487 445 487 202 487 164 488 202 488 198 488 198 489 202 489 204 489 13 490 248 490 14 490 14 491 248 491 249 491 14 492 249 492 443 492 443 493 249 493 446 493 443 494 446 494 2 494 2 495 446 495 447 495 2 496 447 496 0 496 0 497 447 497 448 497 444 498 449 498 445 498 445 499 449 499 450 499 445 500 450 500 202 500 202 501 450 501 451 501 202 502 451 502 200 502 200 503 451 503 452 503 200 504 452 504 20 504 20 505 452 505 243 505 20 506 243 506 18 506 18 507 243 507 244 507 6 508 8 508 393 508 393 509 8 509 453 509 393 510 453 510 398 510 398 511 453 511 454 511 398 512 454 512 95 512 95 513 454 513 455 513 95 514 455 514 69 514 69 515 455 515 456 515 69 516 456 516 71 516 71 517 456 517 457 517 71 518 457 518 77 518 77 519 457 519 458 519 77 520 458 520 120 520 120 521 458 521 459 521 120 522 459 522 433 522 433 523 459 523 460 523 433 524 460 524 441 524 441 525 460 525 461 525 441 526 461 526 444 526 444 527 461 527 462 527 444 528 462 528 449 528 463 529 448 529 464 529 464 530 448 530 447 530 464 531 447 531 465 531 465 532 447 532 446 532 465 533 446 533 466 533 466 534 446 534 249 534 466 535 249 535 467 535 467 536 249 536 241 536 467 537 241 537 468 537 468 538 241 538 243 538 468 539 243 539 469 539 469 540 243 540 452 540 469 541 452 541 470 541 470 542 452 542 451 542 470 543 451 543 471 543 471 544 451 544 450 544 471 545 450 545 472 545 472 546 450 546 449 546 472 547 449 547 473 547 473 548 449 548 462 548 474 549 435 549 475 549 475 550 435 550 4 550 475 551 4 551 476 551 476 552 4 552 3 552 476 553 3 553 477 553 477 554 3 554 1 554 477 555 1 555 478 555 478 556 1 556 0 556 478 557 0 557 463 557 463 558 0 558 448 558 479 559 7 559 480 559 480 560 7 560 6 560 480 561 6 561 481 561 481 562 6 562 389 562 481 563 389 563 482 563 482 564 389 564 387 564 482 565 387 565 483 565 483 566 387 566 385 566 483 567 385 567 484 567 484 568 385 568 408 568 473 569 462 569 485 569 485 570 462 570 461 570 485 571 461 571 486 571 486 572 461 572 460 572 486 573 460 573 487 573 487 574 460 574 459 574 487 575 459 575 488 575 488 576 459 576 458 576 488 577 458 577 489 577 489 578 458 578 457 578 489 579 457 579 490 579 490 580 457 580 456 580 490 581 456 581 491 581 491 582 456 582 455 582 491 583 455 583 492 583 492 584 455 584 454 584 492 585 454 585 493 585 493 586 454 586 453 586 493 587 453 587 494 587 494 588 453 588 8 588 494 589 8 589 479 589 479 590 8 590 7 590 478 591 463 591 464 591 476 592 477 592 495 592 495 593 477 593 478 593 478 594 464 594 495 594 495 595 464 595 465 595 495 596 465 596 496 596 496 597 465 597 466 597 496 598 466 598 497 598 497 599 466 599 467 599 497 600 467 600 498 600 498 601 467 601 468 601 498 602 468 602 499 602 499 603 468 603 469 603 499 604 469 604 500 604 474 605 475 605 501 605 501 606 475 606 476 606 476 607 495 607 501 607 501 608 495 608 496 608 501 609 496 609 502 609 502 610 496 610 497 610 502 611 497 611 503 611 503 612 497 612 498 612 503 613 498 613 504 613 504 614 498 614 499 614 504 615 499 615 505 615 505 616 499 616 500 616 505 617 500 617 506 617 507 618 508 618 509 618 474 619 501 619 510 619 510 620 501 620 502 620 510 621 502 621 511 621 511 622 502 622 503 622 511 623 503 623 512 623 512 624 503 624 504 624 512 625 504 625 513 625 513 626 504 626 505 626 513 627 505 627 509 627 509 628 505 628 506 628 509 629 506 629 507 629 508 630 507 630 514 630 514 631 507 631 515 631 514 632 515 632 516 632 516 633 515 633 517 633 517 634 515 634 518 634 517 635 518 635 519 635 519 636 518 636 520 636 520 637 518 637 521 637 520 638 521 638 522 638 522 639 521 639 523 639 523 640 521 640 524 640 523 641 524 641 525 641 525 642 524 642 526 642 526 643 524 643 527 643 526 644 527 644 528 644 528 645 527 645 529 645 529 646 527 646 530 646 529 647 530 647 531 647 531 648 530 648 532 648 532 649 530 649 533 649 532 650 533 650 534 650 534 651 533 651 535 651 535 652 533 652 483 652 535 653 483 653 484 653 469 654 470 654 500 654 500 655 470 655 536 655 500 656 536 656 506 656 506 657 536 657 537 657 506 658 537 658 507 658 507 659 537 659 538 659 507 660 538 660 515 660 515 661 538 661 539 661 515 662 539 662 518 662 518 663 539 663 540 663 518 664 540 664 521 664 521 665 540 665 541 665 521 666 541 666 524 666 524 667 541 667 542 667 524 668 542 668 527 668 527 669 542 669 543 669 527 670 543 670 530 670 530 671 543 671 544 671 530 672 544 672 533 672 533 673 544 673 545 673 533 674 545 674 483 674 483 675 545 675 482 675 470 676 471 676 536 676 536 677 471 677 546 677 536 678 546 678 537 678 537 679 546 679 547 679 537 680 547 680 538 680 538 681 547 681 548 681 538 682 548 682 539 682 539 683 548 683 549 683 539 684 549 684 540 684 540 685 549 685 550 685 540 686 550 686 541 686 541 687 550 687 551 687 541 688 551 688 542 688 542 689 551 689 552 689 542 690 552 690 543 690 543 691 552 691 553 691 543 692 553 692 544 692 544 693 553 693 554 693 544 694 554 694 545 694 545 695 554 695 555 695 545 696 555 696 482 696 482 697 555 697 481 697 471 698 472 698 546 698 546 699 472 699 556 699 546 700 556 700 547 700 547 701 556 701 557 701 547 702 557 702 548 702 548 703 557 703 558 703 548 704 558 704 549 704 549 705 558 705 559 705 549 706 559 706 550 706 550 707 559 707 560 707 550 708 560 708 551 708 551 709 560 709 561 709 551 710 561 710 552 710 552 711 561 711 562 711 552 712 562 712 553 712 553 713 562 713 563 713 553 714 563 714 554 714 554 715 563 715 564 715 554 716 564 716 555 716 555 717 564 717 565 717 555 718 565 718 481 718 481 719 565 719 480 719 472 720 473 720 556 720 556 721 473 721 485 721 556 722 485 722 557 722 557 723 485 723 486 723 557 724 486 724 558 724 558 725 486 725 487 725 558 726 487 726 559 726 559 727 487 727 488 727 559 728 488 728 560 728 560 729 488 729 489 729 560 730 489 730 561 730 561 731 489 731 490 731 561 732 490 732 562 732 562 733 490 733 491 733 562 734 491 734 563 734 563 735 491 735 492 735 563 736 492 736 564 736 564 737 492 737 493 737 564 738 493 738 565 738 565 739 493 739 494 739 565 740 494 740 480 740 480 741 494 741 479 741 484 742 408 742 535 742 535 743 408 743 407 743 535 744 407 744 534 744 534 745 407 745 406 745 534 746 406 746 532 746 532 747 406 747 409 747 532 748 409 748 531 748 531 749 409 749 410 749 531 750 410 750 529 750 529 751 410 751 411 751 529 752 411 752 528 752 528 753 411 753 412 753 528 754 412 754 526 754 526 755 412 755 417 755 526 756 417 756 525 756 525 757 417 757 418 757 525 758 418 758 523 758 523 759 418 759 419 759 523 760 419 760 522 760 522 761 419 761 420 761 522 762 420 762 520 762 520 763 420 763 422 763 520 764 422 764 519 764 519 765 422 765 423 765 519 766 423 766 517 766 517 767 423 767 424 767 517 768 424 768 516 768 516 769 424 769 428 769 516 770 428 770 514 770 514 771 428 771 427 771 514 772 427 772 508 772 508 773 427 773 426 773 508 774 426 774 509 774 509 775 426 775 425 775 509 776 425 776 513 776 513 777 425 777 440 777 513 778 440 778 512 778 512 779 440 779 439 779 512 780 439 780 511 780 511 781 439 781 438 781 511 782 438 782 510 782 510 783 438 783 436 783 510 784 436 784 474 784 474 785 436 785 435 785 566 786 395 786 567 786 567 787 395 787 85 787 567 788 85 788 568 788 568 789 85 789 84 789 87 790 569 790 86 790 86 791 569 791 568 791 86 792 568 792 84 792 56 793 570 793 57 793 57 794 570 794 571 794 57 795 571 795 87 795 87 796 571 796 572 796 87 797 572 797 569 797 91 798 573 798 90 798 90 799 573 799 574 799 90 800 574 800 89 800 89 801 574 801 575 801 89 802 575 802 52 802 52 803 575 803 576 803 52 804 576 804 53 804 53 805 576 805 577 805 53 806 577 806 48 806 48 807 577 807 570 807 48 808 570 808 56 808 24 809 578 809 25 809 25 810 578 810 573 810 25 811 573 811 91 811 94 812 579 812 93 812 93 813 579 813 580 813 93 814 580 814 24 814 24 815 580 815 581 815 24 816 581 816 578 816 579 817 94 817 582 817 582 818 94 818 96 818 582 819 96 819 583 819 583 820 96 820 97 820 583 821 97 821 584 821 584 822 97 822 98 822 68 823 585 823 98 823 98 824 585 824 584 824 70 825 586 825 68 825 68 826 586 826 585 826 67 827 587 827 70 827 70 828 587 828 586 828 66 829 588 829 67 829 67 830 588 830 587 830 64 831 589 831 66 831 66 832 589 832 588 832 589 833 64 833 63 833 589 834 63 834 590 834 590 835 63 835 99 835 590 836 99 836 591 836 101 837 592 837 100 837 100 838 592 838 591 838 100 839 591 839 99 839 107 840 593 840 104 840 104 841 593 841 594 841 104 842 594 842 101 842 101 843 594 843 595 843 101 844 595 844 592 844 593 845 107 845 596 845 596 846 107 846 108 846 596 847 108 847 597 847 597 848 108 848 109 848 597 849 109 849 598 849 598 850 109 850 110 850 598 851 110 851 599 851 599 852 110 852 112 852 599 853 112 853 600 853 600 854 112 854 111 854 600 855 111 855 601 855 115 856 602 856 113 856 113 857 602 857 601 857 113 858 601 858 111 858 75 859 603 859 79 859 79 860 603 860 604 860 79 861 604 861 115 861 115 862 604 862 605 862 115 863 605 863 602 863 603 864 75 864 76 864 603 865 76 865 606 865 606 866 76 866 78 866 606 867 78 867 607 867 607 868 78 868 127 868 607 869 127 869 608 869 126 870 609 870 127 870 127 871 609 871 608 871 125 872 610 872 126 872 126 873 610 873 609 873 119 874 611 874 125 874 125 875 611 875 610 875 118 876 612 876 119 876 119 877 612 877 611 877 117 878 613 878 118 878 118 879 613 879 612 879 613 880 117 880 614 880 614 881 117 881 116 881 614 882 116 882 615 882 615 883 116 883 128 883 30 884 616 884 129 884 129 885 616 885 615 885 129 886 615 886 128 886 34 887 617 887 32 887 32 888 617 888 618 888 32 889 618 889 30 889 30 890 618 890 619 890 30 891 619 891 616 891 42 892 620 892 43 892 43 893 620 893 621 893 43 894 621 894 45 894 45 895 621 895 622 895 45 896 622 896 36 896 36 897 622 897 617 897 36 898 617 898 34 898 620 899 42 899 623 899 623 900 42 900 134 900 623 901 134 901 624 901 624 902 134 902 133 902 624 903 133 903 625 903 625 904 133 904 155 904 625 905 155 905 626 905 626 906 155 906 154 906 626 907 154 907 627 907 627 908 154 908 146 908 627 909 146 909 628 909 628 910 146 910 145 910 628 911 145 911 629 911 629 912 145 912 153 912 629 913 153 913 630 913 630 914 153 914 152 914 630 915 152 915 631 915 631 916 152 916 131 916 631 917 131 917 632 917 632 918 131 918 130 918 632 919 130 919 633 919 633 920 130 920 139 920 633 921 139 921 634 921 634 922 139 922 138 922 634 923 138 923 635 923 635 924 138 924 636 924 636 925 138 925 136 925 636 926 136 926 637 926 637 927 136 927 151 927 637 928 151 928 638 928 638 929 151 929 144 929 638 930 144 930 639 930 639 931 144 931 143 931 639 932 143 932 640 932 640 933 143 933 141 933 640 934 141 934 641 934 641 935 141 935 140 935 641 936 140 936 642 936 642 937 140 937 142 937 642 938 142 938 643 938 643 939 142 939 150 939 643 940 150 940 644 940 644 941 150 941 149 941 644 942 149 942 645 942 645 943 149 943 148 943 645 944 148 944 646 944 646 945 148 945 147 945 646 946 147 946 647 946 147 947 135 947 647 947 647 948 135 948 137 948 647 949 137 949 648 949 648 950 137 950 185 950 648 951 185 951 649 951 649 952 185 952 178 952 649 953 178 953 650 953 650 954 178 954 177 954 650 955 177 955 651 955 651 956 177 956 176 956 651 957 176 957 652 957 652 958 176 958 184 958 652 959 184 959 653 959 653 960 184 960 183 960 653 961 183 961 654 961 654 962 183 962 182 962 654 963 182 963 655 963 655 964 182 964 181 964 655 965 181 965 656 965 656 966 181 966 175 966 656 967 175 967 657 967 657 968 175 968 174 968 156 969 658 969 157 969 157 970 658 970 659 970 157 971 659 971 158 971 158 972 659 972 660 972 158 973 660 973 172 973 172 974 660 974 661 974 172 975 661 975 173 975 173 976 661 976 657 976 173 977 657 977 174 977 662 978 663 978 156 978 156 979 663 979 664 979 156 980 664 980 658 980 156 981 180 981 662 981 662 982 180 982 179 982 662 983 179 983 665 983 665 984 179 984 168 984 665 985 168 985 666 985 666 986 168 986 167 986 666 987 167 987 667 987 667 988 167 988 195 988 667 989 195 989 668 989 668 990 195 990 194 990 668 991 194 991 669 991 669 992 194 992 193 992 669 993 193 993 670 993 670 994 193 994 192 994 670 995 192 995 671 995 671 996 192 996 191 996 671 997 191 997 672 997 672 998 191 998 190 998 672 999 190 999 673 999 673 1000 190 1000 189 1000 673 1001 189 1001 674 1001 674 1002 189 1002 197 1002 674 1003 197 1003 675 1003 675 1004 197 1004 196 1004 675 1005 196 1005 676 1005 676 1006 196 1006 188 1006 676 1007 188 1007 677 1007 677 1008 188 1008 187 1008 677 1009 187 1009 678 1009 678 1010 187 1010 186 1010 678 1011 186 1011 679 1011 679 1012 186 1012 166 1012 679 1013 166 1013 680 1013 680 1014 166 1014 165 1014 680 1015 165 1015 681 1015 681 1016 165 1016 169 1016 681 1017 169 1017 682 1017 682 1018 169 1018 683 1018 683 1019 169 1019 161 1019 683 1020 161 1020 684 1020 684 1021 161 1021 163 1021 684 1022 163 1022 685 1022 685 1023 163 1023 162 1023 685 1024 162 1024 686 1024 686 1025 162 1025 160 1025 686 1026 160 1026 687 1026 687 1027 160 1027 159 1027 687 1028 159 1028 688 1028 159 1029 171 1029 688 1029 688 1030 171 1030 170 1030 688 1031 170 1031 689 1031 689 1032 170 1032 218 1032 689 1033 218 1033 690 1033 690 1034 218 1034 229 1034 690 1035 229 1035 691 1035 691 1036 229 1036 228 1036 691 1037 228 1037 692 1037 692 1038 228 1038 223 1038 692 1039 223 1039 693 1039 693 1040 223 1040 222 1040 693 1041 222 1041 694 1041 694 1042 222 1042 221 1042 694 1043 221 1043 695 1043 695 1044 221 1044 227 1044 695 1045 227 1045 696 1045 696 1046 227 1046 226 1046 214 1047 697 1047 215 1047 215 1048 697 1048 698 1048 215 1049 698 1049 216 1049 216 1050 698 1050 699 1050 216 1051 699 1051 217 1051 217 1052 699 1052 700 1052 217 1053 700 1053 224 1053 224 1054 700 1054 701 1054 224 1055 701 1055 219 1055 219 1056 701 1056 702 1056 219 1057 702 1057 220 1057 220 1058 702 1058 703 1058 220 1059 703 1059 225 1059 225 1060 703 1060 704 1060 225 1061 704 1061 226 1061 226 1062 704 1062 705 1062 226 1063 705 1063 696 1063 697 1064 214 1064 213 1064 697 1065 213 1065 706 1065 706 1066 213 1066 212 1066 706 1067 212 1067 707 1067 707 1068 212 1068 209 1068 707 1069 209 1069 708 1069 708 1070 209 1070 208 1070 708 1071 208 1071 709 1071 709 1072 208 1072 211 1072 709 1073 211 1073 710 1073 710 1074 211 1074 210 1074 710 1075 210 1075 711 1075 711 1076 210 1076 207 1076 711 1077 207 1077 712 1077 712 1078 207 1078 206 1078 712 1079 206 1079 713 1079 713 1080 206 1080 205 1080 713 1081 205 1081 714 1081 714 1082 205 1082 199 1082 714 1083 199 1083 715 1083 715 1084 199 1084 198 1084 715 1085 198 1085 716 1085 716 1086 198 1086 204 1086 716 1087 204 1087 717 1087 203 1088 718 1088 204 1088 204 1089 718 1089 717 1089 232 1090 719 1090 233 1090 233 1091 719 1091 720 1091 233 1092 720 1092 230 1092 230 1093 720 1093 721 1093 230 1094 721 1094 231 1094 231 1095 721 1095 722 1095 231 1096 722 1096 201 1096 201 1097 722 1097 723 1097 201 1098 723 1098 203 1098 203 1099 723 1099 718 1099 18 1100 724 1100 19 1100 19 1101 724 1101 719 1101 19 1102 719 1102 232 1102 244 1103 725 1103 18 1103 18 1104 725 1104 724 1104 725 1105 244 1105 726 1105 726 1106 244 1106 236 1106 726 1107 236 1107 238 1107 237 1108 727 1108 238 1108 238 1109 727 1109 726 1109 234 1110 728 1110 235 1110 235 1111 728 1111 727 1111 235 1112 727 1112 237 1112 242 1113 729 1113 234 1113 234 1114 729 1114 728 1114 729 1115 242 1115 730 1115 730 1116 242 1116 17 1116 730 1117 17 1117 16 1117 245 1118 731 1118 239 1118 239 1119 731 1119 732 1119 239 1120 732 1120 15 1120 15 1121 732 1121 733 1121 15 1122 733 1122 16 1122 16 1123 733 1123 730 1123 247 1124 734 1124 246 1124 246 1125 734 1125 731 1125 246 1126 731 1126 245 1126 248 1127 735 1127 247 1127 247 1128 735 1128 734 1128 12 1129 736 1129 13 1129 13 1130 736 1130 735 1130 13 1131 735 1131 248 1131 252 1132 737 1132 12 1132 12 1133 737 1133 736 1133 253 1134 738 1134 252 1134 252 1135 738 1135 737 1135 739 1136 738 1136 253 1136 253 1137 254 1137 739 1137 739 1138 254 1138 255 1138 739 1139 255 1139 740 1139 740 1140 255 1140 259 1140 740 1141 259 1141 741 1141 260 1142 742 1142 259 1142 259 1143 742 1143 741 1143 261 1144 743 1144 260 1144 260 1145 743 1145 742 1145 262 1146 744 1146 261 1146 261 1147 744 1147 743 1147 263 1148 745 1148 262 1148 262 1149 745 1149 744 1149 258 1150 746 1150 263 1150 263 1151 746 1151 745 1151 257 1152 747 1152 258 1152 258 1153 747 1153 746 1153 275 1154 748 1154 257 1154 257 1155 748 1155 747 1155 283 1156 288 1156 749 1156 749 1157 750 1157 283 1157 283 1158 750 1158 751 1158 283 1159 751 1159 266 1159 266 1160 751 1160 752 1160 266 1161 752 1161 277 1161 277 1162 752 1162 753 1162 277 1163 753 1163 276 1163 276 1164 753 1164 748 1164 276 1165 748 1165 275 1165 279 1166 754 1166 288 1166 288 1167 754 1167 749 1167 754 1168 279 1168 755 1168 755 1169 279 1169 278 1169 755 1170 278 1170 756 1170 756 1171 278 1171 297 1171 756 1172 297 1172 757 1172 757 1173 297 1173 296 1173 757 1174 296 1174 758 1174 758 1175 296 1175 293 1175 758 1176 293 1176 759 1176 759 1177 293 1177 292 1177 759 1178 292 1178 760 1178 760 1179 292 1179 280 1179 760 1180 280 1180 761 1180 761 1181 280 1181 295 1181 761 1182 295 1182 762 1182 762 1183 295 1183 294 1183 762 1184 294 1184 763 1184 763 1185 294 1185 291 1185 763 1186 291 1186 764 1186 764 1187 291 1187 290 1187 764 1188 290 1188 765 1188 765 1189 290 1189 289 1189 765 1190 289 1190 287 1190 765 1191 287 1191 766 1191 766 1192 287 1192 286 1192 766 1193 286 1193 767 1193 767 1194 286 1194 285 1194 767 1195 285 1195 768 1195 768 1196 285 1196 284 1196 768 1197 284 1197 769 1197 769 1198 284 1198 282 1198 769 1199 282 1199 770 1199 770 1200 282 1200 281 1200 770 1201 281 1201 771 1201 771 1202 281 1202 268 1202 771 1203 268 1203 772 1203 772 1204 268 1204 267 1204 772 1205 267 1205 773 1205 773 1206 267 1206 265 1206 773 1207 265 1207 774 1207 774 1208 265 1208 264 1208 774 1209 264 1209 775 1209 775 1210 264 1210 776 1210 776 1211 264 1211 274 1211 776 1212 274 1212 777 1212 777 1213 274 1213 273 1213 777 1214 273 1214 778 1214 778 1215 273 1215 272 1215 778 1216 272 1216 779 1216 779 1217 272 1217 271 1217 779 1218 271 1218 780 1218 780 1219 271 1219 270 1219 780 1220 270 1220 781 1220 781 1221 270 1221 300 1221 781 1222 300 1222 782 1222 782 1223 300 1223 299 1223 782 1224 299 1224 783 1224 299 1225 298 1225 783 1225 783 1226 298 1226 303 1226 783 1227 303 1227 784 1227 784 1228 303 1228 302 1228 784 1229 302 1229 785 1229 785 1230 302 1230 320 1230 785 1231 320 1231 786 1231 786 1232 320 1232 319 1232 786 1233 319 1233 787 1233 787 1234 319 1234 318 1234 787 1235 318 1235 788 1235 788 1236 318 1236 305 1236 788 1237 305 1237 789 1237 789 1238 305 1238 304 1238 789 1239 304 1239 790 1239 790 1240 304 1240 791 1240 791 1241 304 1241 313 1241 791 1242 313 1242 792 1242 792 1243 313 1243 312 1243 792 1244 312 1244 793 1244 793 1245 312 1245 341 1245 793 1246 341 1246 794 1246 794 1247 341 1247 340 1247 794 1248 340 1248 795 1248 795 1249 340 1249 337 1249 795 1250 337 1250 796 1250 796 1251 337 1251 336 1251 796 1252 336 1252 797 1252 797 1253 336 1253 314 1253 797 1254 314 1254 798 1254 798 1255 314 1255 324 1255 798 1256 324 1256 799 1256 799 1257 324 1257 339 1257 799 1258 339 1258 800 1258 800 1259 339 1259 338 1259 800 1260 338 1260 801 1260 801 1261 338 1261 335 1261 801 1262 335 1262 802 1262 802 1263 335 1263 334 1263 802 1264 334 1264 803 1264 803 1265 334 1265 333 1265 803 1266 333 1266 804 1266 804 1267 333 1267 330 1267 804 1268 330 1268 805 1268 805 1269 330 1269 329 1269 805 1270 329 1270 806 1270 806 1271 329 1271 328 1271 806 1272 328 1272 807 1272 807 1273 328 1273 327 1273 807 1274 327 1274 808 1274 808 1275 327 1275 332 1275 808 1276 332 1276 809 1276 809 1277 332 1277 331 1277 809 1278 331 1278 810 1278 810 1279 331 1279 326 1279 306 1280 811 1280 325 1280 325 1281 811 1281 812 1281 325 1282 812 1282 326 1282 326 1283 812 1283 813 1283 326 1284 813 1284 810 1284 811 1285 306 1285 307 1285 811 1286 307 1286 814 1286 814 1287 307 1287 309 1287 814 1288 309 1288 815 1288 815 1289 309 1289 308 1289 815 1290 308 1290 816 1290 816 1291 308 1291 317 1291 816 1292 317 1292 817 1292 817 1293 317 1293 316 1293 817 1294 316 1294 818 1294 818 1295 316 1295 315 1295 818 1296 315 1296 819 1296 819 1297 315 1297 323 1297 819 1298 323 1298 820 1298 820 1299 323 1299 322 1299 820 1300 322 1300 821 1300 821 1301 322 1301 321 1301 821 1302 321 1302 822 1302 822 1303 321 1303 311 1303 822 1304 311 1304 823 1304 823 1305 311 1305 310 1305 823 1306 310 1306 824 1306 310 1307 348 1307 824 1307 824 1308 348 1308 347 1308 824 1309 347 1309 825 1309 825 1310 347 1310 346 1310 825 1311 346 1311 826 1311 826 1312 346 1312 357 1312 826 1313 357 1313 827 1313 827 1314 357 1314 356 1314 827 1315 356 1315 828 1315 828 1316 356 1316 355 1316 828 1317 355 1317 829 1317 829 1318 355 1318 354 1318 829 1319 354 1319 830 1319 830 1320 354 1320 353 1320 830 1321 353 1321 831 1321 831 1322 353 1322 352 1322 831 1323 352 1323 832 1323 832 1324 352 1324 345 1324 832 1325 345 1325 833 1325 833 1326 345 1326 344 1326 833 1327 344 1327 834 1327 834 1328 344 1328 343 1328 834 1329 343 1329 835 1329 835 1330 343 1330 342 1330 835 1331 342 1331 836 1331 836 1332 342 1332 350 1332 836 1333 350 1333 837 1333 837 1334 350 1334 838 1334 838 1335 350 1335 349 1335 838 1336 349 1336 839 1336 839 1337 349 1337 360 1337 839 1338 360 1338 840 1338 840 1339 360 1339 359 1339 840 1340 359 1340 841 1340 841 1341 359 1341 366 1341 841 1342 366 1342 842 1342 842 1343 366 1343 365 1343 842 1344 365 1344 843 1344 843 1345 365 1345 364 1345 843 1346 364 1346 844 1346 844 1347 364 1347 363 1347 844 1348 363 1348 845 1348 845 1349 363 1349 362 1349 845 1350 362 1350 846 1350 846 1351 362 1351 361 1351 846 1352 361 1352 847 1352 847 1353 361 1353 358 1353 847 1354 358 1354 848 1354 848 1355 358 1355 351 1355 848 1356 351 1356 849 1356 380 1357 850 1357 381 1357 381 1358 850 1358 851 1358 381 1359 851 1359 383 1359 383 1360 851 1360 852 1360 383 1361 852 1361 384 1361 384 1362 852 1362 853 1362 384 1363 853 1363 378 1363 378 1364 853 1364 854 1364 378 1365 854 1365 379 1365 379 1366 854 1366 855 1366 379 1367 855 1367 375 1367 375 1368 855 1368 856 1368 375 1369 856 1369 376 1369 376 1370 856 1370 857 1370 376 1371 857 1371 372 1371 372 1372 857 1372 858 1372 372 1373 858 1373 373 1373 373 1374 858 1374 859 1374 373 1375 859 1375 368 1375 368 1376 859 1376 860 1376 368 1377 860 1377 370 1377 370 1378 860 1378 861 1378 370 1379 861 1379 9 1379 9 1380 861 1380 862 1380 9 1381 862 1381 10 1381 10 1382 862 1382 849 1382 10 1383 849 1383 351 1383 388 1384 863 1384 386 1384 386 1385 863 1385 850 1385 386 1386 850 1386 380 1386 394 1387 864 1387 390 1387 390 1388 864 1388 865 1388 390 1389 865 1389 388 1389 388 1390 865 1390 866 1390 388 1391 866 1391 863 1391 864 1392 394 1392 392 1392 864 1393 392 1393 867 1393 867 1394 392 1394 391 1394 867 1395 391 1395 868 1395 868 1396 391 1396 405 1396 868 1397 405 1397 869 1397 404 1398 870 1398 405 1398 405 1399 870 1399 869 1399 403 1400 871 1400 404 1400 404 1401 871 1401 870 1401 397 1402 872 1402 403 1402 403 1403 872 1403 871 1403 396 1404 873 1404 397 1404 397 1405 873 1405 872 1405 395 1406 566 1406 396 1406 396 1407 566 1407 873 1407 776 1587 695 1587 696 1587 402 1714 874 1714 401 1714 401 1715 874 1715 875 1715 400 1716 876 1716 402 1716 402 1717 876 1717 874 1717 399 1718 877 1718 400 1718 400 1719 877 1719 876 1719 401 1720 875 1720 399 1720 399 1721 875 1721 877 1721 73 1724 878 1724 72 1724 72 1725 878 1725 879 1725 74 1726 880 1726 73 1726 73 1727 880 1727 878 1727 421 1728 881 1728 74 1728 74 1729 881 1729 880 1729 72 1730 879 1730 421 1730 421 1731 879 1731 881 1731 121 1734 882 1734 122 1734 122 1735 882 1735 883 1735 123 1736 884 1736 121 1736 121 1737 884 1737 882 1737 124 1738 885 1738 123 1738 123 1739 885 1739 884 1739 122 1740 883 1740 124 1740 124 1741 883 1741 885 1741 416 1744 886 1744 415 1744 415 1745 886 1745 887 1745 413 1746 888 1746 416 1746 416 1747 888 1747 886 1747 414 1748 889 1748 413 1748 413 1749 889 1749 888 1749 415 1750 887 1750 414 1750 414 1751 887 1751 889 1751 27 1754 890 1754 28 1754 28 1755 890 1755 891 1755 28 1756 891 1756 80 1756 83 1757 892 1757 27 1757 27 1758 892 1758 890 1758 81 1759 893 1759 82 1759 82 1760 893 1760 892 1760 82 1761 892 1761 83 1761 80 1762 891 1762 81 1762 81 1763 891 1763 893 1763 431 1766 894 1766 434 1766 434 1767 894 1767 895 1767 430 1768 896 1768 431 1768 431 1769 896 1769 894 1769 432 1770 897 1770 430 1770 430 1771 897 1771 896 1771 434 1772 895 1772 432 1772 432 1773 895 1773 897 1773 50 1776 898 1776 54 1776 54 1777 898 1777 899 1777 54 1778 899 1778 59 1778 55 1779 900 1779 49 1779 49 1780 900 1780 898 1780 49 1781 898 1781 50 1781 62 1782 901 1782 88 1782 88 1783 901 1783 900 1783 88 1784 900 1784 55 1784 59 1785 899 1785 61 1785 61 1786 899 1786 901 1786 61 1787 901 1787 62 1787 106 1790 902 1790 21 1790 21 1791 902 1791 903 1791 103 1792 904 1792 105 1792 105 1793 904 1793 902 1793 105 1794 902 1794 106 1794 102 1795 905 1795 103 1795 103 1796 905 1796 904 1796 21 1797 903 1797 22 1797 22 1798 903 1798 905 1798 22 1799 905 1799 102 1799 35 1802 906 1802 47 1802 47 1803 906 1803 907 1803 47 1804 907 1804 46 1804 31 1805 908 1805 33 1805 33 1806 908 1806 906 1806 33 1807 906 1807 35 1807 39 1808 909 1808 37 1808 37 1809 909 1809 908 1809 37 1810 908 1810 31 1810 46 1811 907 1811 41 1811 41 1812 907 1812 909 1812 41 1813 909 1813 39 1813</p>
        </triangles>
        <triangles material="Material_002-material" count="254">
          <input semantic="VERTEX" source="#Floor10-mesh-vertices" offset="0"/>
          <input semantic="NORMAL" source="#Floor10-mesh-normals" offset="1"/>
          <p>617 1410 622 1410 861 1410 851 1420 576 1420 852 1420 852 1421 576 1421 575 1421 852 1422 575 1422 853 1422 853 1423 575 1423 574 1423 853 1424 574 1424 854 1424 854 1425 574 1425 573 1425 601 1426 860 1426 600 1426 600 1427 860 1427 859 1427 600 1428 859 1428 599 1428 599 1429 859 1429 858 1429 599 1430 858 1430 598 1430 598 1431 858 1431 857 1431 598 1432 857 1432 597 1432 597 1433 857 1433 856 1433 597 1434 856 1434 596 1434 596 1435 856 1435 855 1435 596 1436 855 1436 593 1436 634 1437 839 1437 633 1437 633 1438 839 1438 840 1438 861 1439 622 1439 862 1439 862 1440 622 1440 621 1440 862 1441 621 1441 849 1441 849 1442 621 1442 620 1442 849 1443 620 1443 848 1443 848 1444 620 1444 623 1444 848 1445 623 1445 847 1445 847 1446 623 1446 624 1446 847 1447 624 1447 846 1447 846 1448 624 1448 625 1448 846 1449 625 1449 845 1449 845 1450 625 1450 626 1450 845 1451 626 1451 844 1451 844 1452 626 1452 627 1452 844 1453 627 1453 843 1453 627 1454 628 1454 843 1454 843 1455 628 1455 629 1455 843 1456 629 1456 842 1456 842 1457 629 1457 630 1457 842 1458 630 1458 841 1458 841 1459 630 1459 631 1459 841 1460 631 1460 840 1460 840 1461 631 1461 632 1461 840 1462 632 1462 633 1462 810 1463 659 1463 658 1463 659 1464 810 1464 660 1464 660 1465 810 1465 813 1465 660 1466 813 1466 661 1466 661 1467 813 1467 812 1467 661 1468 812 1468 657 1468 657 1469 812 1469 811 1469 657 1470 811 1470 656 1470 656 1471 811 1471 814 1471 656 1472 814 1472 655 1472 655 1473 814 1473 815 1473 655 1474 815 1474 654 1474 654 1475 815 1475 816 1475 654 1476 816 1476 653 1476 653 1477 816 1477 817 1477 653 1478 817 1478 652 1478 817 1479 818 1479 652 1479 652 1480 818 1480 819 1480 652 1481 819 1481 651 1481 651 1482 819 1482 820 1482 651 1483 820 1483 650 1483 650 1484 820 1484 821 1484 650 1485 821 1485 649 1485 649 1486 821 1486 822 1486 649 1487 822 1487 648 1487 648 1488 822 1488 823 1488 648 1489 823 1489 647 1489 647 1490 823 1490 824 1490 647 1491 824 1491 646 1491 646 1492 824 1492 825 1492 646 1493 825 1493 645 1493 645 1494 825 1494 826 1494 645 1495 826 1495 644 1495 644 1496 826 1496 827 1496 644 1497 827 1497 643 1497 643 1498 827 1498 828 1498 643 1499 828 1499 642 1499 642 1500 828 1500 829 1500 642 1501 829 1501 641 1501 829 1502 830 1502 641 1502 641 1503 830 1503 831 1503 641 1504 831 1504 640 1504 640 1505 831 1505 832 1505 640 1506 832 1506 639 1506 639 1507 832 1507 833 1507 639 1508 833 1508 638 1508 638 1509 833 1509 834 1509 638 1510 834 1510 637 1510 637 1511 834 1511 835 1511 637 1512 835 1512 636 1512 636 1513 835 1513 836 1513 636 1514 836 1514 635 1514 635 1515 836 1515 837 1515 635 1516 837 1516 634 1516 634 1517 837 1517 838 1517 634 1518 838 1518 839 1518 658 1519 664 1519 810 1519 810 1520 664 1520 663 1520 810 1521 663 1521 809 1521 809 1522 663 1522 808 1522 776 1523 777 1523 694 1523 808 1524 663 1524 807 1524 807 1525 663 1525 662 1525 807 1526 662 1526 806 1526 806 1527 662 1527 665 1527 806 1528 665 1528 805 1528 805 1529 665 1529 666 1529 805 1530 666 1530 804 1530 804 1531 666 1531 667 1531 804 1532 667 1532 803 1532 803 1533 667 1533 668 1533 803 1534 668 1534 802 1534 802 1535 668 1535 669 1535 802 1536 669 1536 801 1536 801 1537 669 1537 670 1537 801 1538 670 1538 800 1538 800 1539 670 1539 671 1539 800 1540 671 1540 799 1540 799 1541 671 1541 672 1541 799 1542 672 1542 798 1542 798 1543 672 1543 673 1543 798 1544 673 1544 797 1544 797 1545 673 1545 674 1545 797 1546 674 1546 796 1546 694 1547 777 1547 693 1547 693 1548 777 1548 778 1548 693 1549 778 1549 692 1549 692 1550 778 1550 779 1550 692 1551 779 1551 691 1551 691 1552 779 1552 780 1552 691 1553 780 1553 690 1553 690 1554 780 1554 781 1554 690 1555 781 1555 689 1555 689 1556 781 1556 782 1556 689 1557 782 1557 688 1557 782 1558 783 1558 688 1558 688 1559 783 1559 784 1559 688 1560 784 1560 687 1560 687 1561 784 1561 785 1561 687 1562 785 1562 686 1562 686 1563 785 1563 786 1563 686 1564 786 1564 685 1564 685 1565 786 1565 787 1565 685 1566 787 1566 684 1566 684 1567 787 1567 788 1567 684 1568 788 1568 683 1568 683 1569 788 1569 789 1569 683 1570 789 1570 682 1570 682 1571 789 1571 790 1571 682 1572 790 1572 681 1572 681 1573 790 1573 791 1573 681 1574 791 1574 680 1574 680 1575 791 1575 792 1575 680 1576 792 1576 679 1576 679 1577 792 1577 793 1577 679 1578 793 1578 678 1578 678 1579 793 1579 794 1579 678 1580 794 1580 677 1580 677 1581 794 1581 795 1581 677 1582 795 1582 676 1582 676 1583 795 1583 796 1583 676 1584 796 1584 675 1584 675 1585 796 1585 674 1585 694 1586 695 1586 776 1586 776 1588 696 1588 775 1588 775 1589 696 1589 705 1589 775 1590 705 1590 774 1590 774 1591 705 1591 773 1591 773 1592 705 1592 704 1592 773 1593 704 1593 772 1593 772 1594 704 1594 703 1594 772 1595 703 1595 771 1595 771 1596 703 1596 702 1596 771 1597 702 1597 770 1597 770 1598 702 1598 769 1598 769 1599 702 1599 701 1599 769 1600 701 1600 768 1600 768 1601 701 1601 700 1601 768 1602 700 1602 767 1602 767 1603 700 1603 699 1603 767 1604 699 1604 766 1604 766 1605 699 1605 698 1605 766 1606 698 1606 765 1606 765 1607 698 1607 697 1607 765 1608 697 1608 764 1608 764 1609 697 1609 706 1609 764 1610 706 1610 763 1610 763 1611 706 1611 707 1611 763 1612 707 1612 762 1612 762 1613 707 1613 708 1613 762 1614 708 1614 761 1614 761 1615 708 1615 709 1615 761 1616 709 1616 760 1616 729 1617 730 1617 728 1617 728 1618 730 1618 727 1618 724 1619 725 1619 719 1619 719 1620 725 1620 726 1620 746 1621 747 1621 745 1621 745 1622 747 1622 748 1622 743 1623 744 1623 742 1623 742 1624 744 1624 741 1624 735 1625 736 1625 738 1625 738 1626 736 1626 737 1626 709 1627 710 1627 760 1627 760 1628 710 1628 711 1628 760 1629 711 1629 759 1629 759 1630 711 1630 712 1630 759 1631 712 1631 758 1631 758 1632 712 1632 713 1632 758 1633 713 1633 757 1633 757 1634 713 1634 714 1634 757 1635 714 1635 756 1635 756 1636 714 1636 715 1636 756 1637 715 1637 755 1637 755 1638 715 1638 716 1638 755 1639 716 1639 754 1639 754 1640 716 1640 717 1640 754 1641 717 1641 749 1641 749 1642 717 1642 718 1642 749 1643 718 1643 750 1643 750 1644 718 1644 723 1644 750 1645 723 1645 751 1645 751 1646 723 1646 722 1646 751 1647 722 1647 752 1647 752 1648 722 1648 721 1648 752 1649 721 1649 753 1649 753 1650 721 1650 720 1650 753 1651 720 1651 748 1651 748 1652 720 1652 719 1652 748 1653 719 1653 745 1653 745 1654 719 1654 726 1654 745 1655 726 1655 744 1655 744 1656 726 1656 727 1656 744 1657 727 1657 741 1657 741 1658 727 1658 730 1658 741 1659 730 1659 740 1659 740 1660 730 1660 733 1660 740 1661 733 1661 739 1661 739 1662 733 1662 732 1662 739 1663 732 1663 738 1663 738 1664 732 1664 731 1664 738 1665 731 1665 735 1665 735 1666 731 1666 734 1666 861 1667 860 1667 617 1667 617 1668 860 1668 601 1668 855 1685 854 1685 593 1685 593 1686 854 1686 573 1686 850 1711 570 1711 851 1711 851 1712 570 1712 577 1712 851 1713 577 1713 576 1713</p>
        </triangles>
        <triangles material="Material_003-material" count="6">
          <input semantic="VERTEX" source="#Floor10-mesh-vertices" offset="0"/>
          <input semantic="NORMAL" source="#Floor10-mesh-normals" offset="1"/>
          <p>901 1788 899 1788 900 1788 900 1789 899 1789 898 1789 905 1800 903 1800 904 1800 904 1801 903 1801 902 1801 909 1814 907 1814 908 1814 908 1815 907 1815 906 1815</p>
        </triangles>
        <triangles material="Material_004-material" count="6">
          <input semantic="VERTEX" source="#Floor10-mesh-vertices" offset="0"/>
          <input semantic="NORMAL" source="#Floor10-mesh-normals" offset="1"/>
          <p>889 1752 887 1752 888 1752 888 1753 887 1753 886 1753 893 1764 891 1764 892 1764 892 1765 891 1765 890 1765 897 1774 895 1774 896 1774 896 1775 895 1775 894 1775</p>
        </triangles>
        <triangles material="Material_005-material" count="19">
          <input semantic="VERTEX" source="#Floor10-mesh-vertices" offset="0"/>
          <input semantic="NORMAL" source="#Floor10-mesh-normals" offset="1"/>
          <p>871 1411 872 1411 566 1411 566 1412 872 1412 873 1412 870 1413 871 1413 869 1413 869 1414 871 1414 566 1414 869 1415 566 1415 868 1415 868 1416 566 1416 567 1416 868 1417 567 1417 867 1417 867 1418 567 1418 568 1418 867 1419 568 1419 864 1419 864 1703 568 1703 865 1703 865 1704 568 1704 569 1704 865 1705 569 1705 866 1705 866 1706 569 1706 572 1706 866 1707 572 1707 863 1707 863 1708 572 1708 571 1708 863 1709 571 1709 850 1709 850 1710 571 1710 570 1710 876 1722 877 1722 874 1722 874 1723 877 1723 875 1723</p>
        </triangles>
        <triangles material="Material_006-material" count="19">
          <input semantic="VERTEX" source="#Floor10-mesh-vertices" offset="0"/>
          <input semantic="NORMAL" source="#Floor10-mesh-normals" offset="1"/>
          <p>584 1408 585 1408 586 1408 593 1687 573 1687 594 1687 594 1688 573 1688 578 1688 594 1689 578 1689 595 1689 595 1690 578 1690 581 1690 595 1691 581 1691 592 1691 592 1692 581 1692 580 1692 592 1693 580 1693 591 1693 591 1694 580 1694 579 1694 591 1695 579 1695 590 1695 587 1696 588 1696 589 1696 586 1697 587 1697 584 1697 584 1698 587 1698 589 1698 584 1699 589 1699 583 1699 583 1700 589 1700 590 1700 583 1701 590 1701 582 1701 582 1702 590 1702 579 1702 880 1732 881 1732 878 1732 878 1733 881 1733 879 1733</p>
        </triangles>
        <triangles material="Material_007-material" count="19">
          <input semantic="VERTEX" source="#Floor10-mesh-vertices" offset="0"/>
          <input semantic="NORMAL" source="#Floor10-mesh-normals" offset="1"/>
          <p>608 1409 609 1409 610 1409 617 1669 601 1669 618 1669 618 1670 601 1670 602 1670 618 1671 602 1671 619 1671 619 1672 602 1672 605 1672 619 1673 605 1673 616 1673 616 1674 605 1674 604 1674 616 1675 604 1675 615 1675 611 1676 612 1676 613 1676 604 1677 603 1677 615 1677 615 1678 603 1678 606 1678 615 1679 606 1679 614 1679 614 1680 606 1680 607 1680 614 1681 607 1681 613 1681 613 1682 607 1682 608 1682 613 1683 608 1683 611 1683 611 1684 608 1684 610 1684 882 1742 884 1742 883 1742 883 1743 884 1743 885 1743</p>
        </triangles>
      </mesh>
    </geometry>
  </library_geometries>
  <library_visual_scenes>
    <visual_scene id="Scene" name="Scene">
      <node id="Floor10" name="Floor10" type="NODE">
        <matrix sid="transform">0.001 0 0 0 0 -4.37114e-11 -0.001 0 0 0.001 -4.37114e-11 0 0 0 0 1</matrix>
        <instance_geometry url="#Floor10-mesh" name="Floor10">
          <bind_material>
            <technique_common>
              <instance_material symbol="Material_001-material" target="#Material_001-material"/>
              <instance_material symbol="Material_002-material" target="#Material_002-material"/>
              <instance_material symbol="Material_003-material" target="#Material_003-material"/>
              <instance_material symbol="Material_004-material" target="#Material_004-material"/>
              <instance_material symbol="Material_005-material" target="#Material_005-material"/>
              <instance_material symbol="Material_006-material" target="#Material_006-material"/>
              <instance_material symbol="Material_007-material" target="#Material_007-material"/>
            </technique_common>
          </bind_material>
        </instance_geometry>
      </node>
      <node id="Camera" name="Camera" type="NODE">
        <matrix sid="transform">0.6859207 -0.3240135 0.6515582 7.358891 0.7276763 0.3054208 -0.6141704 -6.925791 0 0.8953956 0.4452714 4.958309 0 0 0 1</matrix>
        <instance_camera url="#Camera-camera"/>
      </node>
      <node id="Light" name="Light" type="NODE">
        <matrix sid="transform">-0.2908646 -0.7711008 0.5663932 4.076245 0.9551712 -0.1998834 0.2183912 1.005454 -0.05518906 0.6045247 0.7946723 5.903862 0 0 0 1</matrix>
        <instance_light url="#Light-light"/>
      </node>
    </visual_scene>
  </library_visual_scenes>
  <scene>
    <instance_visual_scene url="#Scene"/>
  </scene>
</COLLADA>